IP地址,数据中心,地区,城市,网络延迟
104.17.71.108,SJC,北美洲,圣何塞,134 ms
89.117.112.91,SJC,北美洲,圣何塞,135 ms
104.17.144.192,SJC,北美洲,圣何塞,136 ms
1.1.1.173,SJC,北美洲,圣何塞,136 ms
104.17.229.169,SJC,北美洲,圣何塞,137 ms
1.0.0.160,SJC,北美洲,圣何塞,137 ms
104.16.154.240,SJC,北美洲,圣何塞,138 ms
104.18.59.235,SJC,北美洲,圣何塞,139 ms
104.17.143.66,SJC,北美洲,圣何塞,141 ms
1.1.1.158,SJC,北美洲,圣何塞,141 ms
104.17.50.160,SJC,北美洲,圣何塞,142 ms
104.21.226.19,LAX,北美洲,洛杉矶,143 ms
104.18.127.94,LAX,北美洲,洛杉矶,143 ms
1.1.1.239,SJC,北美洲,圣何塞,143 ms
104.16.222.18,SJC,北美洲,圣何塞,144 ms
104.16.145.10,SJC,北美洲,圣何塞,144 ms
104.18.11.163,SJC,北美洲,圣何塞,144 ms
1.0.0.63,SJC,北美洲,圣何塞,145 ms
104.18.219.105,SJC,北美洲,圣何塞,145 ms
104.16.172.43,SJC,北美洲,圣何塞,145 ms
1.1.1.172,SJC,北美洲,圣何塞,145 ms
104.18.119.95,LAX,北美洲,洛杉矶,145 ms
1.1.1.239,SJC,北美洲,圣何塞,146 ms
104.16.153.233,SJC,北美洲,圣何塞,146 ms
104.18.17.223,LAX,北美洲,洛杉矶,146 ms
104.17.202.132,SJC,北美洲,圣何塞,146 ms
104.18.57.121,SJC,北美洲,圣何塞,146 ms
104.17.168.15,SJC,北美洲,圣何塞,147 ms
104.17.14.178,SJC,北美洲,圣何塞,147 ms
104.19.250.190,LAX,北美洲,洛杉矶,148 ms
1.1.1.117,SJC,北美洲,圣何塞,148 ms
195.85.59.197,SJC,北美洲,圣何塞,148 ms
1.0.0.4,SJC,北美洲,圣何塞,148 ms
1.1.1.98,SJC,北美洲,圣何塞,148 ms
1.0.0.127,SJC,北美洲,圣何塞,148 ms
104.19.254.159,SJC,北美洲,圣何塞,149 ms
104.18.113.158,LAX,北美洲,洛杉矶,149 ms
1.0.0.153,SJC,北美洲,圣何塞,149 ms
1.1.1.6,SJC,北美洲,圣何塞,149 ms
1.1.1.57,SJC,北美洲,圣何塞,149 ms
1.0.0.4,SJC,北美洲,圣何塞,150 ms
104.16.245.81,SJC,北美洲,圣何塞,150 ms
104.18.226.104,SJC,北美洲,圣何塞,150 ms
104.17.215.79,SJC,北美洲,圣何塞,150 ms
104.18.122.252,SJC,北美洲,圣何塞,151 ms
104.17.140.143,SJC,北美洲,圣何塞,151 ms
104.18.136.100,SJC,北美洲,圣何塞,151 ms
104.16.148.132,SJC,北美洲,圣何塞,151 ms
1.1.1.222,SJC,北美洲,圣何塞,152 ms
104.18.32.15,SJC,北美洲,圣何塞,152 ms
104.16.5.156,SJC,北美洲,圣何塞,152 ms
104.19.130.7,LAX,北美洲,洛杉矶,152 ms
1.0.0.120,SJC,北美洲,圣何塞,152 ms
104.17.222.214,SJC,北美洲,圣何塞,152 ms
104.21.201.189,AMS,欧洲,阿姆斯特丹,153 ms
1.1.1.180,SJC,北美洲,圣何塞,153 ms
104.17.142.62,SJC,北美洲,圣何塞,153 ms
1.0.0.93,SJC,北美洲,圣何塞,153 ms
104.18.212.177,SJC,北美洲,圣何塞,153 ms
1.1.1.162,SJC,北美洲,圣何塞,154 ms
1.1.1.181,SJC,北美洲,圣何塞,154 ms
104.16.32.53,SJC,北美洲,圣何塞,155 ms
104.21.202.178,AMS,欧洲,阿姆斯特丹,155 ms
1.1.1.39,SJC,北美洲,圣何塞,155 ms
104.19.111.181,SJC,北美洲,圣何塞,155 ms
104.18.167.75,SJC,北美洲,圣何塞,155 ms
104.16.68.219,SJC,北美洲,圣何塞,156 ms
104.17.43.107,SJC,北美洲,圣何塞,156 ms
104.17.148.240,SJC,北美洲,圣何塞,156 ms
104.18.176.32,SJC,北美洲,圣何塞,156 ms
104.18.177.74,SJC,北美洲,圣何塞,156 ms
104.18.116.254,LAX,北美洲,洛杉矶,156 ms
104.18.108.232,SJC,北美洲,圣何塞,156 ms
1.0.0.186,SJC,北美洲,圣何塞,156 ms
104.19.17.9,SJC,北美洲,圣何塞,157 ms
104.19.251.107,LAX,北美洲,洛杉矶,157 ms
104.18.121.108,LAX,北美洲,洛杉矶,157 ms
104.17.198.43,SJC,北美洲,圣何塞,157 ms
104.18.50.101,SJC,北美洲,圣何塞,157 ms
104.19.38.163,SJC,北美洲,圣何塞,158 ms
104.16.210.196,SJC,北美洲,圣何塞,158 ms
1.0.0.82,SJC,北美洲,圣何塞,158 ms
91.193.58.204,SJC,北美洲,圣何塞,158 ms
104.17.218.118,SJC,北美洲,圣何塞,158 ms
104.17.92.12,SJC,北美洲,圣何塞,158 ms
104.16.169.12,SJC,北美洲,圣何塞,158 ms
104.18.58.182,SJC,北美洲,圣何塞,158 ms
104.17.15.197,SJC,北美洲,圣何塞,158 ms
1.1.1.24,SJC,北美洲,圣何塞,158 ms
1.0.0.152,SJC,北美洲,圣何塞,158 ms
104.17.42.45,SJC,北美洲,圣何塞,158 ms
104.19.48.229,SJC,北美洲,圣何塞,158 ms
104.18.117.41,SLC,北美洲,盐湖城,158 ms
104.16.67.3,SJC,北美洲,圣何塞,158 ms
1.0.0.195,SJC,北美洲,圣何塞,158 ms
104.19.142.99,SLC,北美洲,盐湖城,159 ms
104.17.68.76,SJC,北美洲,圣何塞,159 ms
1.1.1.252,SJC,北美洲,圣何塞,159 ms
104.16.56.91,SJC,北美洲,圣何塞,159 ms
104.18.25.140,LAX,北美洲,洛杉矶,159 ms
1.1.1.202,SJC,北美洲,圣何塞,160 ms
104.21.196.226,AMS,欧洲,阿姆斯特丹,160 ms
104.17.193.152,SJC,北美洲,圣何塞,160 ms
104.17.213.140,SJC,北美洲,圣何塞,160 ms
104.18.53.124,SJC,北美洲,圣何塞,160 ms
104.21.227.12,PDX,北美洲,波特兰,160 ms
172.67.229.206,AMS,欧洲,阿姆斯特丹,160 ms
104.16.177.165,SJC,北美洲,圣何塞,160 ms
1.1.1.252,SJC,北美洲,圣何塞,161 ms
104.19.183.153,SJC,北美洲,圣何塞,161 ms
104.17.183.142,SJC,北美洲,圣何塞,161 ms
104.17.57.15,SJC,北美洲,圣何塞,161 ms
104.17.225.213,SJC,北美洲,圣何塞,161 ms
1.0.0.79,SJC,北美洲,圣何塞,162 ms
104.18.20.217,LAX,北美洲,洛杉矶,162 ms
104.19.208.28,SJC,北美洲,圣何塞,162 ms
104.21.225.158,LAX,北美洲,洛杉矶,162 ms
1.1.1.235,SJC,北美洲,圣何塞,162 ms
104.17.60.176,SJC,北美洲,圣何塞,162 ms
104.17.88.235,SJC,北美洲,圣何塞,162 ms
104.18.4.30,SJC,北美洲,圣何塞,163 ms
104.18.52.69,SJC,北美洲,圣何塞,163 ms
104.21.87.223,AMS,欧洲,阿姆斯特丹,163 ms
1.1.1.226,SJC,北美洲,圣何塞,163 ms
104.21.213.248,AMS,欧洲,阿姆斯特丹,163 ms
104.18.26.252,LAX,北美洲,洛杉矶,163 ms
172.67.130.93,AMS,欧洲,阿姆斯特丹,163 ms
104.16.127.21,LAX,北美洲,洛杉矶,163 ms
104.16.185.46,SJC,北美洲,圣何塞,163 ms
104.19.164.132,SJC,北美洲,圣何塞,163 ms
104.21.77.102,AMS,欧洲,阿姆斯特丹,163 ms
104.19.9.157,SJC,北美洲,圣何塞,164 ms
104.18.36.123,LAX,北美洲,洛杉矶,164 ms
104.21.60.143,AMS,欧洲,阿姆斯特丹,164 ms
1.0.0.123,SJC,北美洲,圣何塞,164 ms
1.1.1.108,SJC,北美洲,圣何塞,164 ms
104.21.1.161,AMS,欧洲,阿姆斯特丹,164 ms
104.21.234.158,LAX,北美洲,洛杉矶,164 ms
104.16.1.103,SJC,北美洲,圣何塞,164 ms
104.16.229.220,SJC,北美洲,圣何塞,164 ms
104.16.179.219,SJC,北美洲,圣何塞,165 ms
104.18.34.150,SJC,北美洲,圣何塞,165 ms
1.1.1.75,SJC,北美洲,圣何塞,165 ms
104.17.207.171,SJC,北美洲,圣何塞,165 ms
104.19.157.200,SJC,北美洲,圣何塞,165 ms
104.21.238.148,PDX,北美洲,波特兰,165 ms
104.21.207.42,AMS,欧洲,阿姆斯特丹,166 ms
104.17.200.131,SJC,北美洲,圣何塞,166 ms
104.16.118.20,LAX,北美洲,洛杉矶,166 ms
104.16.125.217,SJC,北美洲,圣何塞,166 ms
104.19.196.147,SJC,北美洲,圣何塞,166 ms
104.18.80.252,SJC,北美洲,圣何塞,166 ms
1.0.0.224,SJC,北美洲,圣何塞,166 ms
104.17.160.106,SJC,北美洲,圣何塞,166 ms
1.0.0.45,SJC,北美洲,圣何塞,166 ms
1.1.1.158,SJC,北美洲,圣何塞,167 ms
1.0.0.123,SJC,北美洲,圣何塞,167 ms
104.19.134.63,LAX,北美洲,洛杉矶,167 ms
104.16.116.59,LAX,北美洲,洛杉矶,167 ms
1.1.1.67,SJC,北美洲,圣何塞,167 ms
104.16.151.138,SJC,北美洲,圣何塞,167 ms
104.21.205.19,AMS,欧洲,阿姆斯特丹,168 ms
104.17.35.105,SJC,北美洲,圣何塞,168 ms
104.21.212.84,AMS,欧洲,阿姆斯特丹,168 ms
1.1.1.99,SJC,北美洲,圣何塞,168 ms
104.17.8.242,SJC,北美洲,圣何塞,168 ms
104.21.228.87,PDX,北美洲,波特兰,168 ms
104.17.116.199,SJC,北美洲,圣何塞,168 ms
104.19.132.117,SLC,北美洲,盐湖城,168 ms
172.67.219.87,AMS,欧洲,阿姆斯特丹,169 ms
104.21.219.88,AMS,欧洲,阿姆斯特丹,169 ms
104.16.122.131,LAX,北美洲,洛杉矶,169 ms
104.16.249.73,SJC,北美洲,圣何塞,169 ms
104.18.193.50,SJC,北美洲,圣何塞,169 ms
1.0.0.59,SJC,北美洲,圣何塞,169 ms
104.16.126.120,SLC,北美洲,盐湖城,169 ms
172.67.218.11,AMS,欧洲,阿姆斯特丹,169 ms
104.21.97.227,AMS,欧洲,阿姆斯特丹,169 ms
104.16.239.222,SJC,北美洲,圣何塞,170 ms
104.19.248.252,LAX,北美洲,洛杉矶,170 ms
1.1.1.130,SJC,北美洲,圣何塞,170 ms
104.18.22.28,LAX,北美洲,洛杉矶,170 ms
104.21.125.221,AMS,欧洲,阿姆斯特丹,170 ms
1.0.0.115,SJC,北美洲,圣何塞,170 ms
104.21.127.6,AMS,欧洲,阿姆斯特丹,170 ms
104.16.216.182,SJC,北美洲,圣何塞,171 ms
104.21.203.133,AMS,欧洲,阿姆斯特丹,171 ms
104.18.114.252,LAX,北美洲,洛杉矶,171 ms
104.18.154.6,SJC,北美洲,圣何塞,171 ms
104.17.166.56,SJC,北美洲,圣何塞,171 ms
1.1.1.152,SJC,北美洲,圣何塞,171 ms
104.18.124.226,SLC,北美洲,盐湖城,171 ms
104.16.230.57,SJC,北美洲,圣何塞,171 ms
104.18.23.147,LAX,北美洲,洛杉矶,171 ms
1.1.1.11,SJC,北美洲,圣何塞,171 ms
1.1.1.69,SJC,北美洲,圣何塞,172 ms
104.16.34.204,SJC,北美洲,圣何塞,172 ms
1.1.1.124,SJC,北美洲,圣何塞,172 ms
104.18.99.90,SJC,北美洲,圣何塞,172 ms
104.18.19.181,LAX,北美洲,洛杉矶,172 ms
1.1.1.57,SJC,北美洲,圣何塞,172 ms
104.19.217.18,SJC,北美洲,圣何塞,172 ms
104.16.117.93,SJC,北美洲,圣何塞,172 ms
1.1.1.181,SJC,北美洲,圣何塞,172 ms
1.0.0.47,SJC,北美洲,圣何塞,172 ms
1.0.0.102,SJC,北美洲,圣何塞,172 ms
104.19.118.227,SJC,北美洲,圣何塞,173 ms
154.197.108.234,SJC,北美洲,圣何塞,173 ms
104.18.98.87,SJC,北美洲,圣何塞,173 ms
104.18.161.154,SJC,北美洲,圣何塞,173 ms
104.18.126.179,LAX,北美洲,洛杉矶,173 ms
1.1.1.45,SJC,北美洲,圣何塞,173 ms
104.18.123.122,LAX,北美洲,洛杉矶,173 ms
104.21.204.167,AMS,欧洲,阿姆斯特丹,173 ms
104.16.144.102,SJC,北美洲,圣何塞,173 ms
104.18.96.210,SJC,北美洲,圣何塞,174 ms
104.19.246.135,SLC,北美洲,盐湖城,174 ms
104.17.3.39,SJC,北美洲,圣何塞,174 ms
1.0.0.78,SJC,北美洲,圣何塞,174 ms
104.17.31.63,SJC,北美洲,圣何塞,174 ms
104.19.102.163,SJC,北美洲,圣何塞,174 ms
104.18.140.173,SJC,北美洲,圣何塞,174 ms
104.19.249.153,LAX,北美洲,洛杉矶,174 ms
104.17.124.35,SJC,北美洲,圣何塞,174 ms
104.16.165.136,SJC,北美洲,圣何塞,174 ms
104.18.30.191,SLC,北美洲,盐湖城,174 ms
104.21.82.178,AMS,欧洲,阿姆斯特丹,175 ms
104.17.177.172,SJC,北美洲,圣何塞,175 ms
104.19.245.143,LAX,北美洲,洛杉矶,175 ms
1.0.0.206,SJC,北美洲,圣何塞,175 ms
104.18.129.21,SJC,北美洲,圣何塞,175 ms
1.1.1.181,SJC,北美洲,圣何塞,175 ms
104.17.53.69,SJC,北美洲,圣何塞,175 ms
1.0.0.83,SJC,北美洲,圣何塞,175 ms
104.16.57.216,SJC,北美洲,圣何塞,175 ms
104.19.244.22,LAX,北美洲,洛杉矶,175 ms
104.18.10.103,SJC,北美洲,圣何塞,175 ms
104.21.192.64,AMS,欧洲,阿姆斯特丹,175 ms
104.21.126.149,AMS,欧洲,阿姆斯特丹,175 ms
104.16.133.5,SJC,北美洲,圣何塞,176 ms
1.0.0.52,SJC,北美洲,圣何塞,176 ms
104.16.176.167,SJC,北美洲,圣何塞,176 ms
104.21.197.60,AMS,欧洲,阿姆斯特丹,176 ms
104.19.243.88,LAX,北美洲,洛杉矶,176 ms
104.19.242.55,SLC,北美洲,盐湖城,176 ms
104.17.83.224,SJC,北美洲,圣何塞,176 ms
104.18.31.230,SLC,北美洲,盐湖城,176 ms
1.0.0.173,SJC,北美洲,圣何塞,176 ms
104.17.54.196,SJC,北美洲,圣何塞,176 ms
104.21.224.136,DEN,北美洲,丹佛,177 ms
104.18.188.118,SJC,北美洲,圣何塞,177 ms
216.205.52.177,SJC,北美洲,圣何塞,177 ms
104.18.134.249,SJC,北美洲,圣何塞,177 ms
104.19.128.15,LAX,北美洲,洛杉矶,177 ms
104.19.7.75,SJC,北美洲,圣何塞,177 ms
104.21.66.220,AMS,欧洲,阿姆斯特丹,177 ms
104.21.236.10,DEN,北美洲,丹佛,177 ms
1.1.1.99,SJC,北美洲,圣何塞,178 ms
104.21.237.128,PDX,北美洲,波特兰,178 ms
104.19.136.58,LAX,北美洲,洛杉矶,178 ms
104.21.55.194,AMS,欧洲,阿姆斯特丹,178 ms
104.17.10.61,SJC,北美洲,圣何塞,178 ms
104.18.112.218,SLC,北美洲,盐湖城,178 ms
1.1.1.221,SJC,北美洲,圣何塞,178 ms
104.16.110.18,SJC,北美洲,圣何塞,178 ms
104.16.113.31,LAX,北美洲,洛杉矶,178 ms
104.21.230.67,DEN,北美洲,丹佛,178 ms
104.21.229.48,PDX,北美洲,波特兰,178 ms
1.1.1.35,SJC,北美洲,圣何塞,178 ms
104.16.147.59,SJC,北美洲,圣何塞,178 ms
104.17.91.165,SJC,北美洲,圣何塞,178 ms
104.16.0.147,SJC,北美洲,圣何塞,178 ms
104.19.141.34,LAX,北美洲,洛杉矶,179 ms
1.0.0.79,SJC,北美洲,圣何塞,179 ms
104.19.212.8,SJC,北美洲,圣何塞,179 ms
104.21.51.14,AMS,欧洲,阿姆斯特丹,179 ms
104.17.238.233,SJC,北美洲,圣何塞,179 ms
104.18.214.114,SJC,北美洲,圣何塞,179 ms
104.21.195.160,AMS,欧洲,阿姆斯特丹,179 ms
104.18.254.54,SJC,北美洲,圣何塞,179 ms
104.21.73.110,AMS,欧洲,阿姆斯特丹,179 ms
104.17.118.37,SJC,北美洲,圣何塞,180 ms
104.21.33.253,AMS,欧洲,阿姆斯特丹,180 ms
104.21.200.254,AMS,欧洲,阿姆斯特丹,180 ms
104.19.218.191,SJC,北美洲,圣何塞,180 ms
104.17.41.218,SJC,北美洲,圣何塞,180 ms
104.16.123.155,SJC,北美洲,圣何塞,180 ms
1.0.0.207,SJC,北美洲,圣何塞,180 ms
1.0.0.26,SJC,北美洲,圣何塞,180 ms
1.0.0.198,SJC,北美洲,圣何塞,180 ms
104.16.115.53,LAX,北美洲,洛杉矶,181 ms
1.0.0.3,SJC,北美洲,圣何塞,181 ms
104.18.110.50,SJC,北美洲,圣何塞,181 ms
104.21.239.202,DEN,北美洲,丹佛,181 ms
104.17.32.50,SJC,北美洲,圣何塞,181 ms
1.1.1.122,SJC,北美洲,圣何塞,181 ms
104.19.222.55,SJC,北美洲,圣何塞,181 ms
104.16.10.222,SJC,北美洲,圣何塞,181 ms
104.19.133.21,SLC,北美洲,盐湖城,181 ms
104.19.247.119,SLC,北美洲,盐湖城,181 ms
104.17.17.46,SJC,北美洲,圣何塞,181 ms
1.1.1.236,SJC,北美洲,圣何塞,181 ms
1.1.1.74,SJC,北美洲,圣何塞,182 ms
1.0.0.143,SJC,北美洲,圣何塞,182 ms
104.19.69.126,SJC,北美洲,圣何塞,182 ms
104.21.123.26,AMS,欧洲,阿姆斯特丹,182 ms
104.19.204.215,SJC,北美洲,圣何塞,182 ms
1.0.0.146,SJC,北美洲,圣何塞,182 ms
104.21.94.75,AMS,欧洲,阿姆斯特丹,182 ms
1.1.1.145,SJC,北美洲,圣何塞,182 ms
1.0.0.14,SJC,北美洲,圣何塞,183 ms
1.1.1.21,SJC,北美洲,圣何塞,183 ms
104.21.208.131,AMS,欧洲,阿姆斯特丹,183 ms
104.17.104.31,SJC,北美洲,圣何塞,183 ms
104.19.140.228,LAX,北美洲,洛杉矶,183 ms
104.19.138.215,SLC,北美洲,盐湖城,183 ms
1.0.0.208,SJC,北美洲,圣何塞,183 ms
104.17.129.35,SJC,北美洲,圣何塞,183 ms
1.0.0.153,SJC,北美洲,圣何塞,183 ms
104.17.114.185,SJC,北美洲,圣何塞,183 ms
104.16.120.233,LAX,北美洲,洛杉矶,183 ms
1.1.1.32,SJC,北美洲,圣何塞,184 ms
104.16.27.81,SJC,北美洲,圣何塞,184 ms
104.19.36.82,SJC,北美洲,圣何塞,184 ms
104.18.213.211,SJC,北美洲,圣何塞,184 ms
1.1.1.234,SJC,北美洲,圣何塞,184 ms
104.17.2.220,SJC,北美洲,圣何塞,184 ms
104.19.206.90,SJC,北美洲,圣何塞,185 ms
104.17.81.155,SJC,北美洲,圣何塞,185 ms
104.18.33.238,SJC,北美洲,圣何塞,185 ms
1.0.0.224,SJC,北美洲,圣何塞,185 ms
104.17.206.10,SJC,北美洲,圣何塞,185 ms
104.17.212.54,SJC,北美洲,圣何塞,185 ms
1.1.1.82,SJC,北美洲,圣何塞,185 ms
1.0.0.90,SJC,北美洲,圣何塞,185 ms
1.0.0.112,SJC,北美洲,圣何塞,185 ms
1.1.1.47,SJC,北美洲,圣何塞,186 ms
1.1.1.223,SJC,北美洲,圣何塞,186 ms
104.16.13.66,SJC,北美洲,圣何塞,186 ms
104.21.231.153,LAX,北美洲,洛杉矶,186 ms
104.17.9.83,SJC,北美洲,圣何塞,186 ms
104.21.88.216,AMS,欧洲,阿姆斯特丹,186 ms
104.16.89.183,SJC,北美洲,圣何塞,186 ms
1.0.0.150,SJC,北美洲,圣何塞,186 ms
104.19.252.161,SJC,北美洲,圣何塞,186 ms
1.0.0.193,SJC,北美洲,圣何塞,186 ms
104.16.17.223,SJC,北美洲,圣何塞,186 ms
104.16.178.42,SJC,北美洲,圣何塞,186 ms
104.19.150.115,SJC,北美洲,圣何塞,186 ms
104.16.141.35,SJC,北美洲,圣何塞,187 ms
1.0.0.0,SJC,北美洲,圣何塞,187 ms
1.1.1.171,SJC,北美洲,圣何塞,187 ms
104.18.18.89,SJC,北美洲,圣何塞,187 ms
1.1.1.226,SJC,北美洲,圣何塞,187 ms
104.21.37.49,AMS,欧洲,阿姆斯特丹,187 ms
1.1.1.197,SJC,北美洲,圣何塞,187 ms
1.0.0.171,SJC,北美洲,圣何塞,188 ms
1.0.0.87,SJC,北美洲,圣何塞,188 ms
1.0.0.24,SJC,北美洲,圣何塞,188 ms
1.1.1.106,SJC,北美洲,圣何塞,188 ms
1.1.1.231,SJC,北美洲,圣何塞,188 ms
1.0.0.105,SJC,北美洲,圣何塞,188 ms
1.0.0.199,SJC,北美洲,圣何塞,188 ms
104.19.241.62,LAX,北美洲,洛杉矶,189 ms
1.0.0.109,SJC,北美洲,圣何塞,189 ms
104.19.253.221,LAX,北美洲,洛杉矶,189 ms
45.131.4.135,SJC,北美洲,圣何塞,189 ms
104.19.16.84,SJC,北美洲,圣何塞,189 ms
1.1.1.11,SJC,北美洲,圣何塞,189 ms
1.0.0.75,SJC,北美洲,圣何塞,189 ms
104.16.3.188,SJC,北美洲,圣何塞,189 ms
104.19.221.149,SJC,北美洲,圣何塞,189 ms
104.18.118.244,SJC,北美洲,圣何塞,189 ms
104.19.219.198,SJC,北美洲,圣何塞,190 ms
104.16.23.106,SJC,北美洲,圣何塞,190 ms
104.19.171.54,SJC,北美洲,圣何塞,190 ms
1.0.0.246,SJC,北美洲,圣何塞,190 ms
104.17.194.36,SJC,北美洲,圣何塞,190 ms
104.20.48.67,IAD,北美洲,阿什本,191 ms
104.21.121.241,AMS,欧洲,阿姆斯特丹,191 ms
1.0.0.52,SJC,北美洲,圣何塞,191 ms
104.19.117.92,SJC,北美洲,圣何塞,191 ms
104.21.45.96,AMS,欧洲,阿姆斯特丹,191 ms
104.16.46.72,SJC,北美洲,圣何塞,192 ms
1.1.1.177,SJC,北美洲,圣何塞,192 ms
104.21.27.220,AMS,欧洲,阿姆斯特丹,192 ms
104.19.5.146,SJC,北美洲,圣何塞,192 ms
104.16.11.252,SJC,北美洲,圣何塞,192 ms
104.21.120.138,AMS,欧洲,阿姆斯特丹,192 ms
104.17.179.116,SJC,北美洲,圣何塞,192 ms
1.0.0.232,SJC,北美洲,圣何塞,193 ms
104.21.206.224,AMS,欧洲,阿姆斯特丹,193 ms
1.0.0.154,SJC,北美洲,圣何塞,193 ms
104.18.8.108,SJC,北美洲,圣何塞,193 ms
104.19.4.120,SJC,北美洲,圣何塞,193 ms
104.24.197.128,IAD,北美洲,阿什本,193 ms
104.18.203.142,SJC,北美洲,圣何塞,193 ms
104.17.37.159,SJC,北美洲,圣何塞,194 ms
1.1.1.87,SJC,北美洲,圣何塞,194 ms
104.21.39.95,AMS,欧洲,阿姆斯特丹,194 ms
1.1.1.75,SJC,北美洲,圣何塞,194 ms
1.1.1.73,SJC,北美洲,圣何塞,194 ms
104.25.76.63,IAD,北美洲,阿什本,194 ms
104.21.89.241,AMS,欧洲,阿姆斯特丹,194 ms
1.1.1.38,SJC,北美洲,圣何塞,194 ms
1.1.1.174,SJC,北美洲,圣何塞,194 ms
1.0.0.116,SJC,北美洲,圣何塞,195 ms
104.18.243.168,SJC,北美洲,圣何塞,195 ms
104.18.166.173,SJC,北美洲,圣何塞,195 ms
104.17.20.116,SJC,北美洲,圣何塞,195 ms
1.0.0.186,SJC,北美洲,圣何塞,195 ms
104.19.137.66,SLC,北美洲,盐湖城,195 ms
104.21.78.114,AMS,欧洲,阿姆斯特丹,195 ms
104.17.153.64,SJC,北美洲,圣何塞,195 ms
104.20.28.221,IAD,北美洲,阿什本,195 ms
104.18.237.101,SJC,北美洲,圣何塞,196 ms
104.22.16.74,IAD,北美洲,阿什本,196 ms
104.22.49.202,IAD,北美洲,阿什本,196 ms
104.22.50.183,IAD,北美洲,阿什本,196 ms
104.21.46.82,AMS,欧洲,阿姆斯特丹,196 ms
104.18.81.147,SJC,北美洲,圣何塞,196 ms
104.21.42.85,AMS,欧洲,阿姆斯特丹,196 ms
104.24.143.138,IAD,北美洲,阿什本,196 ms
1.1.1.191,SJC,北美洲,圣何塞,197 ms
104.16.143.214,SJC,北美洲,圣何塞,197 ms
104.24.139.151,IAD,北美洲,阿什本,197 ms
104.16.162.14,SJC,北美洲,圣何塞,197 ms
1.0.0.23,SJC,北美洲,圣何塞,197 ms
104.19.238.20,SJC,北美洲,圣何塞,197 ms
104.24.192.37,IAD,北美洲,阿什本,197 ms
104.24.63.67,IAD,北美洲,阿什本,198 ms
104.16.124.229,SLC,北美洲,盐湖城,198 ms
1.0.0.46,SJC,北美洲,圣何塞,198 ms
104.18.197.61,SJC,北美洲,圣何塞,198 ms
104.21.25.39,AMS,欧洲,阿姆斯特丹,198 ms
104.21.38.84,AMS,欧洲,阿姆斯特丹,198 ms
1.0.0.71,SJC,北美洲,圣何塞,198 ms
104.25.114.102,IAD,北美洲,阿什本,198 ms
1.0.0.192,SJC,北美洲,圣何塞,198 ms
104.25.118.75,IAD,北美洲,阿什本,198 ms
104.21.83.36,AMS,欧洲,阿姆斯特丹,198 ms
104.18.71.170,SJC,北美洲,圣何塞,198 ms
104.21.90.87,AMS,欧洲,阿姆斯特丹,198 ms
1.0.0.111,SJC,北美洲,圣何塞,198 ms
1.1.1.129,SJC,北美洲,圣何塞,198 ms
104.17.56.57,SJC,北美洲,圣何塞,199 ms
104.19.203.159,SJC,北美洲,圣何塞,199 ms
1.0.0.56,SJC,北美洲,圣何塞,199 ms
104.23.140.156,IAD,北美洲,阿什本,199 ms
104.21.216.200,AMS,欧洲,阿姆斯特丹,199 ms
104.16.86.110,SJC,北美洲,圣何塞,199 ms
104.21.36.124,AMS,欧洲,阿姆斯特丹,199 ms
104.20.141.31,IAD,北美洲,阿什本,199 ms
104.24.28.119,IAD,北美洲,阿什本,199 ms
104.26.7.85,IAD,北美洲,阿什本,199 ms
104.16.114.227,SJC,北美洲,圣何塞,199 ms
104.21.86.157,AMS,欧洲,阿姆斯特丹,199 ms
104.22.78.77,IAD,北美洲,阿什本,200 ms
104.18.235.84,SJC,北美洲,圣何塞,200 ms
104.21.65.171,AMS,欧洲,阿姆斯特丹,200 ms
104.21.76.137,AMS,欧洲,阿姆斯特丹,200 ms
104.21.75.102,AMS,欧洲,阿姆斯特丹,200 ms
104.24.225.11,IAD,北美洲,阿什本,200 ms
104.22.77.163,IAD,北美洲,阿什本,200 ms
104.25.103.223,IAD,北美洲,阿什本,200 ms
1.1.1.230,SJC,北美洲,圣何塞,200 ms
104.21.49.101,AMS,欧洲,阿姆斯特丹,200 ms
104.24.146.234,IAD,北美洲,阿什本,200 ms
104.16.161.152,SJC,北美洲,圣何塞,200 ms
104.16.109.240,SJC,北美洲,圣何塞,200 ms
104.21.24.133,AMS,欧洲,阿姆斯特丹,201 ms
104.16.233.32,SJC,北美洲,圣何塞,201 ms
104.17.239.56,SJC,北美洲,圣何塞,201 ms
104.24.33.224,IAD,北美洲,阿什本,201 ms
1.1.1.170,SJC,北美洲,圣何塞,201 ms
104.21.221.144,AMS,欧洲,阿姆斯特丹,201 ms
104.21.222.18,AMS,欧洲,阿姆斯特丹,201 ms
104.24.186.237,IAD,北美洲,阿什本,201 ms
104.25.116.196,IAD,北美洲,阿什本,201 ms
1.0.0.245,SJC,北美洲,圣何塞,201 ms
104.21.220.206,AMS,欧洲,阿姆斯特丹,201 ms
104.24.137.19,IAD,北美洲,阿什本,201 ms
104.24.56.8,IAD,北美洲,阿什本,201 ms
104.16.217.45,SJC,北美洲,圣何塞,202 ms
104.24.151.41,IAD,北美洲,阿什本,202 ms
104.24.11.63,IAD,北美洲,阿什本,202 ms
104.18.38.235,SJC,北美洲,圣何塞,202 ms
104.22.55.213,IAD,北美洲,阿什本,202 ms
104.20.40.83,IAD,北美洲,阿什本,202 ms
104.25.216.233,IAD,北美洲,阿什本,202 ms
104.22.58.66,IAD,北美洲,阿什本,202 ms
104.18.233.115,SJC,北美洲,圣何塞,202 ms
1.1.1.248,SJC,北美洲,圣何塞,202 ms
104.20.41.245,IAD,北美洲,阿什本,202 ms
104.23.123.208,IAD,北美洲,阿什本,203 ms
104.23.122.26,IAD,北美洲,阿什本,203 ms
104.18.198.69,SJC,北美洲,圣何塞,203 ms
104.23.111.154,IAD,北美洲,阿什本,203 ms
104.23.114.20,IAD,北美洲,阿什本,203 ms
104.23.113.85,IAD,北美洲,阿什本,203 ms
104.25.211.94,IAD,北美洲,阿什本,203 ms
104.18.231.188,SJC,北美洲,圣何塞,203 ms
104.23.134.183,IAD,北美洲,阿什本,203 ms
1.0.0.170,SJC,北美洲,圣何塞,203 ms
104.16.223.243,SJC,北美洲,圣何塞,203 ms
104.25.17.216,IAD,北美洲,阿什本,203 ms
104.25.213.175,IAD,北美洲,阿什本,203 ms
104.20.24.218,IAD,北美洲,阿什本,203 ms
104.17.167.235,SJC,北美洲,圣何塞,203 ms
104.24.132.90,IAD,北美洲,阿什本,204 ms
104.24.55.104,IAD,北美洲,阿什本,204 ms
104.25.166.121,IAD,北美洲,阿什本,204 ms
104.20.49.241,IAD,北美洲,阿什本,204 ms
104.18.68.223,SJC,北美洲,圣何塞,204 ms
104.18.211.96,SJC,北美洲,圣何塞,204 ms
104.21.22.150,AMS,欧洲,阿姆斯特丹,204 ms
104.20.42.137,IAD,北美洲,阿什本,204 ms
104.20.43.188,IAD,北美洲,阿什本,204 ms
104.24.29.92,IAD,北美洲,阿什本,204 ms
104.19.226.8,SJC,北美洲,圣何塞,204 ms
104.16.175.246,SJC,北美洲,圣何塞,204 ms
104.20.34.93,IAD,北美洲,阿什本,204 ms
104.16.112.183,LAX,北美洲,洛杉矶,204 ms
104.23.102.226,IAD,北美洲,阿什本,205 ms
104.24.8.144,IAD,北美洲,阿什本,205 ms
104.24.6.205,IAD,北美洲,阿什本,205 ms
104.20.52.103,IAD,北美洲,阿什本,205 ms
104.25.163.110,IAD,北美洲,阿什本,205 ms
104.18.86.245,SJC,北美洲,圣何塞,205 ms
104.20.37.177,IAD,北美洲,阿什本,205 ms
156.229.48.23,SJC,北美洲,圣何塞,206 ms
104.18.234.111,SJC,北美洲,圣何塞,206 ms
104.18.109.129,SJC,北美洲,圣何塞,206 ms
104.24.5.252,IAD,北美洲,阿什本,206 ms
104.24.10.17,IAD,北美洲,阿什本,206 ms
104.24.227.133,IAD,北美洲,阿什本,206 ms
104.25.25.119,IAD,北美洲,阿什本,206 ms
104.23.99.133,IAD,北美洲,阿什本,206 ms
1.0.0.234,SJC,北美洲,圣何塞,206 ms
104.20.87.239,IAD,北美洲,阿什本,206 ms
104.24.155.22,IAD,北美洲,阿什本,206 ms
104.19.169.212,SJC,北美洲,圣何塞,206 ms
104.20.131.225,IAD,北美洲,阿什本,206 ms
104.24.59.239,IAD,北美洲,阿什本,206 ms
1.0.0.69,SJC,北美洲,圣何塞,206 ms
104.24.195.89,IAD,北美洲,阿什本,207 ms
104.20.47.201,IAD,北美洲,阿什本,207 ms
104.24.218.30,IAD,北美洲,阿什本,207 ms
104.22.14.196,IAD,北美洲,阿什本,207 ms
104.24.54.161,IAD,北美洲,阿什本,207 ms
104.21.85.16,AMS,欧洲,阿姆斯特丹,207 ms
172.67.116.130,IAD,北美洲,阿什本,207 ms
104.18.159.179,SJC,北美洲,圣何塞,207 ms
104.22.3.50,IAD,北美洲,阿什本,207 ms
104.24.152.189,IAD,北美洲,阿什本,207 ms
104.20.187.14,IAD,北美洲,阿什本,207 ms
1.0.0.222,SJC,北美洲,圣何塞,208 ms
104.20.88.126,IAD,北美洲,阿什本,208 ms
104.18.230.156,SJC,北美洲,圣何塞,208 ms
104.22.7.21,IAD,北美洲,阿什本,208 ms
1.0.0.117,SJC,北美洲,圣何塞,208 ms
104.24.171.94,IAD,北美洲,阿什本,208 ms
104.24.217.187,IAD,北美洲,阿什本,208 ms
104.25.10.242,IAD,北美洲,阿什本,208 ms
104.16.140.221,SJC,北美洲,圣何塞,208 ms
104.25.175.79,IAD,北美洲,阿什本,208 ms
104.25.0.31,IAD,北美洲,阿什本,208 ms
104.25.92.219,IAD,北美洲,阿什本,208 ms
104.17.191.235,SJC,北美洲,圣何塞,209 ms
1.0.0.209,SJC,北美洲,圣何塞,209 ms
104.16.158.56,SJC,北美洲,圣何塞,209 ms
104.18.75.251,SJC,北美洲,圣何塞,209 ms
104.20.136.193,IAD,北美洲,阿什本,209 ms
104.24.163.121,IAD,北美洲,阿什本,209 ms
104.24.161.204,IAD,北美洲,阿什本,209 ms
104.20.89.49,IAD,北美洲,阿什本,209 ms
104.23.104.168,IAD,北美洲,阿什本,209 ms
104.23.105.223,IAD,北美洲,阿什本,209 ms
104.18.183.252,SJC,北美洲,圣何塞,209 ms
1.0.0.142,SJC,北美洲,圣何塞,209 ms
104.25.215.10,IAD,北美洲,阿什本,209 ms
104.24.1.129,IAD,北美洲,阿什本,209 ms
1.0.0.6,SJC,北美洲,圣何塞,209 ms
104.26.13.86,IAD,北美洲,阿什本,210 ms
1.0.0.104,SJC,北美洲,圣何塞,210 ms
104.16.157.149,SJC,北美洲,圣何塞,210 ms
104.21.71.159,AMS,欧洲,阿姆斯特丹,210 ms
104.20.18.255,IAD,北美洲,阿什本,210 ms
104.24.178.198,IAD,北美洲,阿什本,210 ms
104.23.101.28,IAD,北美洲,阿什本,210 ms
104.23.100.183,IAD,北美洲,阿什本,210 ms
104.17.108.1,SJC,北美洲,圣何塞,210 ms
104.19.193.193,SJC,北美洲,圣何塞,210 ms
104.24.34.112,IAD,北美洲,阿什本,210 ms
104.24.43.102,IAD,北美洲,阿什本,210 ms
104.23.136.112,IAD,北美洲,阿什本,210 ms
104.20.57.67,IAD,北美洲,阿什本,210 ms
104.24.92.17,IAD,北美洲,阿什本,210 ms
104.20.144.92,IAD,北美洲,阿什本,210 ms
104.20.81.219,IAD,北美洲,阿什本,210 ms
104.24.220.88,IAD,北美洲,阿什本,210 ms
104.24.166.236,IAD,北美洲,阿什本,210 ms
104.23.110.232,IAD,北美洲,阿什本,210 ms
104.23.106.57,IAD,北美洲,阿什本,210 ms
104.16.84.88,SJC,北美洲,圣何塞,210 ms
1.1.1.13,SJC,北美洲,圣何塞,210 ms
1.1.1.147,SJC,北美洲,圣何塞,210 ms
104.17.89.75,SJC,北美洲,圣何塞,210 ms
104.22.52.220,IAD,北美洲,阿什本,210 ms
104.21.34.121,AMS,欧洲,阿姆斯特丹,210 ms
104.24.129.235,IAD,北美洲,阿什本,210 ms
104.25.68.89,IAD,北美洲,阿什本,210 ms
1.0.0.126,SJC,北美洲,圣何塞,211 ms
104.21.194.31,AMS,欧洲,阿姆斯特丹,211 ms
104.25.115.170,IAD,北美洲,阿什本,211 ms
104.25.162.88,IAD,北美洲,阿什本,211 ms
104.20.55.140,IAD,北美洲,阿什本,211 ms
104.21.61.39,AMS,欧洲,阿姆斯特丹,211 ms
104.20.147.77,IAD,北美洲,阿什本,211 ms
104.22.70.166,IAD,北美洲,阿什本,211 ms
104.24.252.211,IAD,北美洲,阿什本,212 ms
104.18.186.157,SJC,北美洲,圣何塞,212 ms
104.22.72.218,IAD,北美洲,阿什本,212 ms
104.16.156.80,SJC,北美洲,圣何塞,212 ms
104.24.193.171,IAD,北美洲,阿什本,212 ms
104.24.130.54,IAD,北美洲,阿什本,212 ms
104.16.255.99,SJC,北美洲,圣何塞,212 ms
104.23.126.193,IAD,北美洲,阿什本,212 ms
104.20.86.255,IAD,北美洲,阿什本,212 ms
104.20.33.121,IAD,北美洲,阿什本,212 ms
104.25.81.114,IAD,北美洲,阿什本,212 ms
172.67.233.160,AMS,欧洲,阿姆斯特丹,213 ms
104.25.8.169,IAD,北美洲,阿什本,213 ms
104.25.108.251,IAD,北美洲,阿什本,213 ms
104.24.140.42,IAD,北美洲,阿什本,213 ms
104.21.79.199,AMS,欧洲,阿姆斯特丹,213 ms
104.24.133.158,IAD,北美洲,阿什本,213 ms
104.25.79.48,IAD,北美洲,阿什本,214 ms
104.20.146.44,IAD,北美洲,阿什本,214 ms
104.24.185.215,IAD,北美洲,阿什本,214 ms
104.20.218.253,IAD,北美洲,阿什本,214 ms
104.23.139.37,IAD,北美洲,阿什本,214 ms
104.22.71.95,IAD,北美洲,阿什本,214 ms
104.20.240.154,IAD,北美洲,阿什本,214 ms
104.24.47.139,IAD,北美洲,阿什本,214 ms
104.21.81.156,AMS,欧洲,阿姆斯特丹,214 ms
104.23.128.84,IAD,北美洲,阿什本,214 ms
104.23.135.119,IAD,北美洲,阿什本,214 ms
104.24.145.11,IAD,北美洲,阿什本,214 ms
1.0.0.93,SJC,北美洲,圣何塞,214 ms
104.21.57.203,AMS,欧洲,阿姆斯特丹,214 ms
104.25.192.130,IAD,北美洲,阿什本,215 ms
104.22.73.202,IAD,北美洲,阿什本,215 ms
104.25.161.9,IAD,北美洲,阿什本,215 ms
104.18.246.52,SJC,北美洲,圣何塞,215 ms
104.20.16.11,IAD,北美洲,阿什本,215 ms
104.24.42.241,IAD,北美洲,阿什本,215 ms
104.20.83.163,IAD,北美洲,阿什本,215 ms
104.20.228.149,IAD,北美洲,阿什本,215 ms
104.24.45.213,IAD,北美洲,阿什本,215 ms
104.26.0.137,IAD,北美洲,阿什本,215 ms
104.24.177.136,IAD,北美洲,阿什本,215 ms
104.25.9.216,IAD,北美洲,阿什本,215 ms
1.0.0.255,SJC,北美洲,圣何塞,215 ms
104.22.51.129,IAD,北美洲,阿什本,215 ms
1.0.0.51,SJC,北美洲,圣何塞,215 ms
194.36.55.236,SJC,北美洲,圣何塞,215 ms
104.22.63.246,IAD,北美洲,阿什本,215 ms
104.25.170.40,IAD,北美洲,阿什本,215 ms
104.25.160.131,IAD,北美洲,阿什本,215 ms
104.21.72.0,AMS,欧洲,阿姆斯特丹,215 ms
104.22.67.117,IAD,北美洲,阿什本,215 ms
104.24.128.157,IAD,北美洲,阿什本,215 ms
104.20.46.168,IAD,北美洲,阿什本,215 ms
104.21.35.218,AMS,欧洲,阿姆斯特丹,215 ms
104.22.15.232,IAD,北美洲,阿什本,215 ms
104.24.138.232,IAD,北美洲,阿什本,215 ms
104.18.133.219,SJC,北美洲,圣何塞,216 ms
104.23.131.157,IAD,北美洲,阿什本,216 ms
104.25.157.18,IAD,北美洲,阿什本,216 ms
104.21.48.132,AMS,欧洲,阿姆斯特丹,216 ms
104.24.215.173,IAD,北美洲,阿什本,216 ms
104.20.12.194,IAD,北美洲,阿什本,216 ms
104.20.53.177,IAD,北美洲,阿什本,216 ms
104.24.187.155,IAD,北美洲,阿什本,216 ms
104.20.205.173,IAD,北美洲,阿什本,216 ms
104.23.124.222,IAD,北美洲,阿什本,216 ms
104.24.179.75,IAD,北美洲,阿什本,216 ms
104.24.41.101,IAD,北美洲,阿什本,216 ms
104.24.183.162,IAD,北美洲,阿什本,216 ms
104.16.47.47,SJC,北美洲,圣何塞,216 ms
104.25.5.58,IAD,北美洲,阿什本,216 ms
104.24.27.173,IAD,北美洲,阿什本,216 ms
104.20.8.137,IAD,北美洲,阿什本,216 ms
104.20.186.67,IAD,北美洲,阿什本,216 ms
104.24.0.210,IAD,北美洲,阿什本,217 ms
104.25.11.118,IAD,北美洲,阿什本,217 ms
104.21.119.132,AMS,欧洲,阿姆斯特丹,217 ms
104.20.148.172,IAD,北美洲,阿什本,217 ms
104.24.229.13,IAD,北美洲,阿什本,217 ms
1.1.1.189,SJC,北美洲,圣何塞,217 ms
104.16.119.196,SLC,北美洲,盐湖城,218 ms
104.25.199.19,IAD,北美洲,阿什本,218 ms
1.0.0.194,SJC,北美洲,圣何塞,218 ms
104.23.143.184,IAD,北美洲,阿什本,218 ms
104.25.214.90,IAD,北美洲,阿什本,218 ms
1.0.0.234,SJC,北美洲,圣何塞,218 ms
1.1.1.190,SJC,北美洲,圣何塞,218 ms
1.1.1.229,SJC,北美洲,圣何塞,218 ms
45.80.110.178,SJC,北美洲,圣何塞,218 ms
104.24.240.7,IAD,北美洲,阿什本,218 ms
1.0.0.143,SJC,北美洲,圣何塞,218 ms
104.20.23.60,IAD,北美洲,阿什本,218 ms
104.20.26.169,IAD,北美洲,阿什本,218 ms
104.25.19.48,IAD,北美洲,阿什本,218 ms
104.25.102.252,IAD,北美洲,阿什本,219 ms
104.22.2.68,IAD,北美洲,阿什本,219 ms
104.25.90.90,IAD,北美洲,阿什本,219 ms
104.26.1.18,IAD,北美洲,阿什本,219 ms
104.17.204.90,SJC,北美洲,圣何塞,219 ms
104.20.91.206,IAD,北美洲,阿什本,219 ms
104.17.230.206,SJC,北美洲,圣何塞,219 ms
104.24.46.66,IAD,北美洲,阿什本,219 ms
104.24.50.159,IAD,北美洲,阿什本,219 ms
104.25.153.218,IAD,北美洲,阿什本,219 ms
1.1.1.48,SJC,北美洲,圣何塞,219 ms
104.24.219.138,IAD,北美洲,阿什本,219 ms
104.24.222.27,IAD,北美洲,阿什本,219 ms
104.24.245.103,IAD,北美洲,阿什本,219 ms
104.25.200.129,IAD,北美洲,阿什本,219 ms
104.24.181.137,IAD,北美洲,阿什本,219 ms
104.24.135.65,IAD,北美洲,阿什本,219 ms
104.18.89.163,SJC,北美洲,圣何塞,219 ms
188.164.158.13,SJC,北美洲,圣何塞,219 ms
104.20.233.218,IAD,北美洲,阿什本,220 ms
1.1.1.5,SJC,北美洲,圣何塞,220 ms
104.20.78.122,IAD,北美洲,阿什本,220 ms
104.22.74.212,IAD,北美洲,阿什本,220 ms
104.22.76.24,IAD,北美洲,阿什本,220 ms
104.18.239.60,SJC,北美洲,圣何塞,220 ms
104.24.148.186,IAD,北美洲,阿什本,220 ms
104.25.198.162,IAD,北美洲,阿什本,220 ms
104.20.31.35,IAD,北美洲,阿什本,220 ms
1.0.0.72,SJC,北美洲,圣何塞,220 ms
104.24.167.187,IAD,北美洲,阿什本,220 ms
104.20.74.111,IAD,北美洲,阿什本,220 ms
104.19.220.220,SJC,北美洲,圣何塞,220 ms
104.20.143.156,IAD,北美洲,阿什本,220 ms
104.24.36.25,IAD,北美洲,阿什本,220 ms
172.67.117.73,IAD,北美洲,阿什本,220 ms
104.25.174.80,IAD,北美洲,阿什本,220 ms
104.23.133.113,IAD,北美洲,阿什本,220 ms
104.20.77.236,IAD,北美洲,阿什本,220 ms
104.24.90.100,IAD,北美洲,阿什本,220 ms
104.21.20.193,AMS,欧洲,阿姆斯特丹,220 ms
104.22.13.173,IAD,北美洲,阿什本,220 ms
104.20.232.95,IAD,北美洲,阿什本,220 ms
104.20.238.113,IAD,北美洲,阿什本,221 ms
104.20.125.1,IAD,北美洲,阿什本,221 ms
104.24.2.11,IAD,北美洲,阿什本,221 ms
104.25.173.157,IAD,北美洲,阿什本,221 ms
104.16.182.219,SJC,北美洲,圣何塞,221 ms
104.20.129.14,IAD,北美洲,阿什本,221 ms
104.22.12.99,IAD,北美洲,阿什本,221 ms
104.21.64.164,AMS,欧洲,阿姆斯特丹,221 ms
104.25.107.92,IAD,北美洲,阿什本,221 ms
104.20.188.66,IAD,北美洲,阿什本,221 ms
104.20.38.68,IAD,北美洲,阿什本,221 ms
104.22.68.4,IAD,北美洲,阿什本,221 ms
104.20.194.9,IAD,北美洲,阿什本,221 ms
104.20.140.73,IAD,北美洲,阿什本,221 ms
104.20.97.52,IAD,北美洲,阿什本,221 ms
104.25.13.216,IAD,北美洲,阿什本,221 ms
104.24.180.54,IAD,北美洲,阿什本,221 ms
104.20.128.164,IAD,北美洲,阿什本,221 ms
104.20.84.112,IAD,北美洲,阿什本,221 ms
104.24.182.107,IAD,北美洲,阿什本,221 ms
104.19.235.8,SJC,北美洲,圣何塞,221 ms
104.22.11.202,IAD,北美洲,阿什本,221 ms
104.24.226.120,IAD,北美洲,阿什本,221 ms
104.22.10.212,IAD,北美洲,阿什本,221 ms
104.21.69.3,AMS,欧洲,阿姆斯特丹,221 ms
194.152.44.91,SJC,北美洲,圣何塞,221 ms
104.25.177.34,IAD,北美洲,阿什本,222 ms
104.21.29.195,AMS,欧洲,阿姆斯特丹,222 ms
104.22.8.41,IAD,北美洲,阿什本,222 ms
104.18.255.95,SJC,北美洲,圣何塞,222 ms
104.20.181.121,IAD,北美洲,阿什本,222 ms
1.0.0.212,SJC,北美洲,圣何塞,222 ms
155.46.213.72,SJC,北美洲,圣何塞,222 ms
104.24.7.156,IAD,北美洲,阿什本,222 ms
104.22.6.16,IAD,北美洲,阿什本,222 ms
104.24.4.213,IAD,北美洲,阿什本,222 ms
104.21.41.124,AMS,欧洲,阿姆斯特丹,222 ms
104.21.215.55,AMS,欧洲,阿姆斯特丹,222 ms
104.24.174.209,IAD,北美洲,阿什本,222 ms
104.20.15.190,IAD,北美洲,阿什本,222 ms
104.21.115.20,AMS,欧洲,阿姆斯特丹,222 ms
104.24.157.169,IAD,北美洲,阿什本,222 ms
104.23.98.128,IAD,北美洲,阿什本,223 ms
104.22.17.59,IAD,北美洲,阿什本,223 ms
104.24.176.39,IAD,北美洲,阿什本,223 ms
104.20.94.177,IAD,北美洲,阿什本,223 ms
104.24.60.235,IAD,北美洲,阿什本,223 ms
104.21.118.226,AMS,欧洲,阿姆斯特丹,223 ms
104.20.176.247,IAD,北美洲,阿什本,223 ms
104.25.105.170,IAD,北美洲,阿什本,223 ms
104.24.91.232,IAD,北美洲,阿什本,223 ms
104.24.94.34,IAD,北美洲,阿什本,223 ms
104.24.255.252,IAD,北美洲,阿什本,223 ms
104.20.193.165,IAD,北美洲,阿什本,223 ms
104.20.177.73,IAD,北美洲,阿什本,223 ms
104.24.221.92,IAD,北美洲,阿什本,223 ms
1.1.1.188,SJC,北美洲,圣何塞,223 ms
104.24.39.59,IAD,北美洲,阿什本,224 ms
104.23.107.27,IAD,北美洲,阿什本,224 ms
104.25.6.202,IAD,北美洲,阿什本,224 ms
104.24.232.211,IAD,北美洲,阿什本,224 ms
104.20.235.109,IAD,北美洲,阿什本,224 ms
104.20.9.184,IAD,北美洲,阿什本,224 ms
104.25.4.7,IAD,北美洲,阿什本,224 ms
104.18.195.214,SJC,北美洲,圣何塞,224 ms
104.25.3.33,IAD,北美洲,阿什本,224 ms
104.20.25.199,IAD,北美洲,阿什本,224 ms
104.24.214.51,IAD,北美洲,阿什本,224 ms
1.0.0.31,SJC,北美洲,圣何塞,224 ms
104.23.108.147,IAD,北美洲,阿什本,224 ms
104.20.82.200,IAD,北美洲,阿什本,224 ms
104.22.48.201,IAD,北美洲,阿什本,224 ms
104.23.103.24,IAD,北美洲,阿什本,224 ms
1.1.1.187,SJC,北美洲,圣何塞,224 ms
104.25.169.111,IAD,北美洲,阿什本,224 ms
104.25.21.218,IAD,北美洲,阿什本,224 ms
104.16.204.43,SJC,北美洲,圣何塞,224 ms
104.20.137.165,IAD,北美洲,阿什本,224 ms
104.20.79.174,IAD,北美洲,阿什本,225 ms
104.24.149.52,IAD,北美洲,阿什本,225 ms
104.24.230.239,IAD,北美洲,阿什本,225 ms
104.24.169.213,IAD,北美洲,阿什本,225 ms
104.16.103.175,SJC,北美洲,圣何塞,225 ms
104.25.20.129,IAD,北美洲,阿什本,225 ms
104.21.117.5,AMS,欧洲,阿姆斯特丹,225 ms
104.25.212.175,IAD,北美洲,阿什本,225 ms
104.21.70.109,AMS,欧洲,阿姆斯特丹,225 ms
104.24.165.92,IAD,北美洲,阿什本,225 ms
104.21.217.70,AMS,欧洲,阿姆斯特丹,225 ms
104.23.132.78,IAD,北美洲,阿什本,225 ms
104.24.88.249,IAD,北美洲,阿什本,225 ms
104.18.242.17,SJC,北美洲,圣何塞,225 ms
104.20.118.13,IAD,北美洲,阿什本,225 ms
104.21.114.197,AMS,欧洲,阿姆斯特丹,225 ms
104.24.37.13,IAD,北美洲,阿什本,226 ms
104.24.175.67,IAD,北美洲,阿什本,226 ms
104.20.133.45,IAD,北美洲,阿什本,226 ms
104.18.45.62,SJC,北美洲,圣何塞,226 ms
104.21.116.217,AMS,欧洲,阿姆斯特丹,226 ms
1.1.1.16,SJC,北美洲,圣何塞,226 ms
104.20.10.101,IAD,北美洲,阿什本,226 ms
104.16.81.230,SJC,北美洲,圣何塞,226 ms
104.18.199.120,SJC,北美洲,圣何塞,226 ms
104.25.95.64,IAD,北美洲,阿什本,226 ms
104.24.67.155,IAD,北美洲,阿什本,226 ms
104.23.142.152,IAD,北美洲,阿什本,226 ms
104.19.240.107,SJC,北美洲,圣何塞,226 ms
104.16.92.25,SJC,北美洲,圣何塞,226 ms
104.24.58.31,IAD,北美洲,阿什本,226 ms
104.24.3.182,IAD,北美洲,阿什本,227 ms
104.24.150.70,IAD,北美洲,阿什本,227 ms
104.24.87.79,IAD,北美洲,阿什本,227 ms
104.21.40.134,AMS,欧洲,阿姆斯特丹,227 ms
104.16.96.36,SJC,北美洲,圣何塞,227 ms
1.0.0.51,SJC,北美洲,圣何塞,227 ms
104.25.77.24,IAD,北美洲,阿什本,227 ms
104.22.53.29,IAD,北美洲,阿什本,227 ms
104.25.15.137,IAD,北美洲,阿什本,227 ms
104.19.39.245,SJC,北美洲,圣何塞,227 ms
1.0.0.67,SJC,北美洲,圣何塞,227 ms
104.25.16.222,IAD,北美洲,阿什本,227 ms
104.18.173.213,SJC,北美洲,圣何塞,227 ms
104.22.27.33,IAD,北美洲,阿什本,227 ms
1.0.0.178,SJC,北美洲,圣何塞,228 ms
104.25.183.233,IAD,北美洲,阿什本,228 ms
104.22.5.244,IAD,北美洲,阿什本,228 ms
104.18.14.191,SJC,北美洲,圣何塞,228 ms
104.24.172.225,IAD,北美洲,阿什本,228 ms
104.24.53.186,IAD,北美洲,阿什本,228 ms
104.25.7.147,IAD,北美洲,阿什本,228 ms
104.24.236.248,IAD,北美洲,阿什本,228 ms
172.67.128.143,AMS,欧洲,阿姆斯特丹,228 ms
104.20.72.179,IAD,北美洲,阿什本,228 ms
104.24.191.140,IAD,北美洲,阿什本,228 ms
104.18.43.71,SJC,北美洲,圣何塞,228 ms
104.21.18.76,AMS,欧洲,阿姆斯特丹,228 ms
104.25.86.35,IAD,北美洲,阿什本,228 ms
104.23.127.56,IAD,北美洲,阿什本,228 ms
104.20.223.141,IAD,北美洲,阿什本,228 ms
104.24.231.44,IAD,北美洲,阿什本,228 ms
104.24.188.143,IAD,北美洲,阿什本,228 ms
104.20.139.18,IAD,北美洲,阿什本,228 ms
104.21.16.191,AMS,欧洲,阿姆斯特丹,228 ms
172.67.232.195,AMS,欧洲,阿姆斯特丹,228 ms
104.17.22.222,SJC,北美洲,圣何塞,228 ms
104.25.110.254,IAD,北美洲,阿什本,228 ms
104.17.192.125,SJC,北美洲,圣何塞,228 ms
1.1.1.59,SJC,北美洲,圣何塞,228 ms
104.25.168.4,IAD,北美洲,阿什本,228 ms
104.24.184.21,IAD,北美洲,阿什本,228 ms
1.1.1.187,SJC,北美洲,圣何塞,228 ms
104.18.175.63,SJC,北美洲,圣何塞,229 ms
104.16.87.4,SJC,北美洲,圣何塞,229 ms
104.24.234.127,IAD,北美洲,阿什本,229 ms
104.25.190.19,IAD,北美洲,阿什本,229 ms
104.25.191.11,IAD,北美洲,阿什本,229 ms
104.24.212.149,IAD,北美洲,阿什本,229 ms
1.1.1.125,SJC,北美洲,圣何塞,229 ms
104.25.210.58,IAD,北美洲,阿什本,229 ms
104.24.173.5,IAD,北美洲,阿什本,229 ms
104.20.92.106,IAD,北美洲,阿什本,229 ms
104.20.85.206,IAD,北美洲,阿什本,229 ms
104.20.237.89,IAD,北美洲,阿什本,229 ms
104.23.121.212,IAD,北美洲,阿什本,229 ms
103.21.244.244,SJC,北美洲,圣何塞,229 ms
104.22.69.71,IAD,北美洲,阿什本,229 ms
104.20.178.34,IAD,北美洲,阿什本,230 ms
104.20.45.242,IAD,北美洲,阿什本,230 ms
104.25.74.115,IAD,北美洲,阿什本,230 ms
104.25.71.126,IAD,北美洲,阿什本,230 ms
104.21.54.198,AMS,欧洲,阿姆斯特丹,230 ms
1.0.0.83,SJC,北美洲,圣何塞,230 ms
104.25.150.217,IAD,北美洲,阿什本,230 ms
104.24.162.208,IAD,北美洲,阿什本,230 ms
104.25.207.138,IAD,北美洲,阿什本,230 ms
104.18.149.100,SJC,北美洲,圣何塞,230 ms
104.18.63.47,SJC,北美洲,圣何塞,230 ms
104.20.180.152,IAD,北美洲,阿什本,230 ms
104.21.14.29,AMS,欧洲,阿姆斯特丹,230 ms
104.20.80.150,IAD,北美洲,阿什本,230 ms
104.25.101.96,IAD,北美洲,阿什本,230 ms
104.16.155.43,SJC,北美洲,圣何塞,230 ms
104.20.19.62,IAD,北美洲,阿什本,230 ms
104.21.84.172,AMS,欧洲,阿姆斯特丹,230 ms
172.67.118.69,IAD,北美洲,阿什本,230 ms
104.20.213.136,IAD,北美洲,阿什本,230 ms
104.22.34.18,IAD,北美洲,阿什本,230 ms
1.0.0.214,SJC,北美洲,圣何塞,230 ms
104.24.211.153,IAD,北美洲,阿什本,231 ms
104.25.194.14,IAD,北美洲,阿什本,231 ms
104.24.194.243,IAD,北美洲,阿什本,231 ms
104.25.208.226,IAD,北美洲,阿什本,231 ms
1.0.0.188,SJC,北美洲,圣何塞,231 ms
104.23.137.170,IAD,北美洲,阿什本,231 ms
104.24.189.177,IAD,北美洲,阿什本,231 ms
104.24.249.109,IAD,北美洲,阿什本,231 ms
104.20.185.157,IAD,北美洲,阿什本,231 ms
104.22.31.4,IAD,北美洲,阿什本,231 ms
104.24.131.139,IAD,北美洲,阿什本,231 ms
104.25.193.167,IAD,北美洲,阿什本,231 ms
104.21.58.95,AMS,欧洲,阿姆斯特丹,231 ms
104.21.59.49,AMS,欧洲,阿姆斯特丹,231 ms
104.22.33.2,IAD,北美洲,阿什本,231 ms
104.22.26.139,IAD,北美洲,阿什本,231 ms
104.20.73.42,IAD,北美洲,阿什本,231 ms
104.16.98.171,SJC,北美洲,圣何塞,231 ms
104.16.41.1,SJC,北美洲,圣何塞,231 ms
104.18.97.222,SJC,北美洲,圣何塞,231 ms
104.22.42.198,IAD,北美洲,阿什本,231 ms
104.18.236.85,SJC,北美洲,圣何塞,231 ms
104.25.206.76,IAD,北美洲,阿什本,232 ms
104.25.111.226,IAD,北美洲,阿什本,232 ms
104.23.97.63,IAD,北美洲,阿什本,232 ms
104.23.96.57,IAD,北美洲,阿什本,232 ms
104.24.89.150,IAD,北美洲,阿什本,232 ms
104.22.45.89,IAD,北美洲,阿什本,232 ms
104.21.223.111,AMS,欧洲,阿姆斯特丹,232 ms
104.26.6.191,IAD,北美洲,阿什本,232 ms
104.25.149.68,IAD,北美洲,阿什本,232 ms
104.20.27.49,IAD,北美洲,阿什本,233 ms
104.20.54.66,IAD,北美洲,阿什本,233 ms
104.22.75.57,IAD,北美洲,阿什本,233 ms
104.20.239.7,IAD,北美洲,阿什本,233 ms
104.20.96.63,IAD,北美洲,阿什本,233 ms
104.20.95.255,IAD,北美洲,阿什本,233 ms
104.24.228.103,IAD,北美洲,阿什本,233 ms
104.25.255.150,IAD,北美洲,阿什本,233 ms
104.24.243.69,IAD,北美洲,阿什本,233 ms
104.24.246.88,IAD,北美洲,阿什本,233 ms
104.18.157.29,SJC,北美洲,圣何塞,233 ms
104.20.76.83,IAD,北美洲,阿什本,233 ms
1.0.0.206,SJC,北美洲,圣何塞,233 ms
104.17.120.110,SJC,北美洲,圣何塞,233 ms
104.24.147.240,IAD,北美洲,阿什本,233 ms
1.0.0.126,SJC,北美洲,圣何塞,233 ms
104.20.39.127,IAD,北美洲,阿什本,233 ms
104.25.112.188,IAD,北美洲,阿什本,233 ms
104.22.47.105,IAD,北美洲,阿什本,233 ms
104.25.146.239,IAD,北美洲,阿什本,233 ms
104.22.56.113,IAD,北美洲,阿什本,233 ms
104.25.159.124,IAD,北美洲,阿什本,233 ms
104.18.95.73,SJC,北美洲,圣何塞,233 ms
104.24.164.128,IAD,北美洲,阿什本,233 ms
104.18.190.0,SJC,北美洲,圣何塞,233 ms
104.18.146.170,SJC,北美洲,圣何塞,233 ms
104.17.232.170,SJC,北美洲,圣何塞,233 ms
104.25.99.244,IAD,北美洲,阿什本,233 ms
104.20.90.227,IAD,北美洲,阿什本,233 ms
104.23.112.217,IAD,北美洲,阿什本,233 ms
104.20.75.216,IAD,北美洲,阿什本,234 ms
104.20.106.50,IAD,北美洲,阿什本,234 ms
104.24.170.18,IAD,北美洲,阿什本,234 ms
104.24.93.73,IAD,北美洲,阿什本,234 ms
1.0.0.35,SJC,北美洲,圣何塞,234 ms
104.20.226.47,IAD,北美洲,阿什本,234 ms
104.19.152.103,SJC,北美洲,圣何塞,234 ms
104.21.50.218,AMS,欧洲,阿姆斯特丹,234 ms
104.21.52.31,AMS,欧洲,阿姆斯特丹,234 ms
104.25.61.31,IAD,北美洲,阿什本,234 ms
104.25.205.119,IAD,北美洲,阿什本,234 ms
172.67.129.102,AMS,欧洲,阿姆斯特丹,234 ms
1.1.1.32,SJC,北美洲,圣何塞,234 ms
104.25.164.38,IAD,北美洲,阿什本,234 ms
1.1.1.183,SJC,北美洲,圣何塞,234 ms
104.20.199.38,IAD,北美洲,阿什本,234 ms
104.16.29.30,SJC,北美洲,圣何塞,234 ms
104.24.210.89,IAD,北美洲,阿什本,234 ms
104.18.201.73,SJC,北美洲,圣何塞,234 ms
104.17.1.91,SJC,北美洲,圣何塞,235 ms
104.25.75.151,IAD,北美洲,阿什本,235 ms
104.20.103.207,IAD,北美洲,阿什本,235 ms
104.20.30.142,IAD,北美洲,阿什本,235 ms
104.17.203.206,SJC,北美洲,圣何塞,235 ms
104.24.242.200,IAD,北美洲,阿什本,235 ms
104.20.142.129,IAD,北美洲,阿什本,235 ms
104.21.74.151,AMS,欧洲,阿姆斯特丹,235 ms
104.20.138.233,IAD,北美洲,阿什本,235 ms
104.20.36.62,IAD,北美洲,阿什本,235 ms
104.20.197.195,IAD,北美洲,阿什本,235 ms
104.22.54.229,IAD,北美洲,阿什本,235 ms
104.24.95.236,IAD,北美洲,阿什本,235 ms
104.20.32.151,IAD,北美洲,阿什本,235 ms
104.24.158.10,IAD,北美洲,阿什本,236 ms
104.20.99.223,IAD,北美洲,阿什本,236 ms
104.26.14.77,IAD,北美洲,阿什本,236 ms
104.21.63.49,AMS,欧洲,阿姆斯特丹,236 ms
104.26.11.174,IAD,北美洲,阿什本,236 ms
104.24.216.200,IAD,北美洲,阿什本,236 ms
104.20.51.165,IAD,北美洲,阿什本,236 ms
1.0.0.26,SJC,北美洲,圣何塞,236 ms
104.20.20.235,IAD,北美洲,阿什本,236 ms
104.25.172.194,IAD,北美洲,阿什本,236 ms
104.25.158.88,IAD,北美洲,阿什本,236 ms
104.18.24.94,SJC,北美洲,圣何塞,236 ms
104.22.38.51,IAD,北美洲,阿什本,236 ms
104.25.73.97,IAD,北美洲,阿什本,236 ms
104.25.254.219,IAD,北美洲,阿什本,236 ms
104.25.253.204,IAD,北美洲,阿什本,236 ms
104.25.104.157,IAD,北美洲,阿什本,237 ms
104.25.80.248,IAD,北美洲,阿什本,237 ms
104.25.143.77,IAD,北美洲,阿什本,237 ms
104.25.144.129,IAD,北美洲,阿什本,237 ms
104.20.175.102,IAD,北美洲,阿什本,237 ms
104.20.173.112,IAD,北美洲,阿什本,237 ms
104.20.134.125,IAD,北美洲,阿什本,237 ms
104.24.74.74,IAD,北美洲,阿什本,237 ms
104.24.154.219,IAD,北美洲,阿什本,237 ms
104.23.138.219,IAD,北美洲,阿什本,237 ms
104.24.62.75,IAD,北美洲,阿什本,237 ms
104.25.252.36,IAD,北美洲,阿什本,237 ms
104.25.1.166,IAD,北美洲,阿什本,237 ms
104.25.156.19,IAD,北美洲,阿什本,238 ms
104.25.100.147,IAD,北美洲,阿什本,238 ms
104.18.228.59,SJC,北美洲,圣何塞,238 ms
104.23.125.202,IAD,北美洲,阿什本,238 ms
1.0.0.234,SJC,北美洲,圣何塞,238 ms
1.1.1.195,SJC,北美洲,圣何塞,238 ms
104.22.0.173,IAD,北美洲,阿什本,238 ms
104.22.64.28,IAD,北美洲,阿什本,238 ms
104.22.65.140,IAD,北美洲,阿什本,238 ms
104.24.44.43,IAD,北美洲,阿什本,238 ms
104.20.120.116,IAD,北美洲,阿什本,238 ms
104.20.116.38,IAD,北美洲,阿什本,238 ms
104.24.66.36,IAD,北美洲,阿什本,238 ms
104.18.69.171,SJC,北美洲,圣何塞,238 ms
104.25.251.55,IAD,北美洲,阿什本,238 ms
104.25.181.28,IAD,北美洲,阿什本,238 ms
104.25.182.138,IAD,北美洲,阿什本,238 ms
104.24.156.94,IAD,北美洲,阿什本,238 ms
104.24.250.216,IAD,北美洲,阿什本,238 ms
104.16.33.248,SJC,北美洲,圣何塞,239 ms
104.16.53.160,SJC,北美洲,圣何塞,239 ms
104.20.145.116,IAD,北美洲,阿什本,239 ms
104.20.191.90,IAD,北美洲,阿什本,239 ms
104.24.144.3,IAD,北美洲,阿什本,239 ms
104.24.248.16,IAD,北美洲,阿什本,239 ms
1.0.0.62,SJC,北美洲,圣何塞,239 ms
104.16.95.106,SJC,北美洲,圣何塞,239 ms
104.19.20.133,SJC,北美洲,圣何塞,239 ms
104.18.65.199,SJC,北美洲,圣何塞,239 ms
104.25.248.5,IAD,北美洲,阿什本,239 ms
104.24.76.99,IAD,北美洲,阿什本,239 ms
104.25.113.43,IAD,北美洲,阿什本,239 ms
104.20.123.211,IAD,北美洲,阿什本,240 ms
104.22.66.36,IAD,北美洲,阿什本,240 ms
104.22.18.243,IAD,北美洲,阿什本,240 ms
104.23.109.97,IAD,北美洲,阿什本,240 ms
104.19.64.172,SJC,北美洲,圣何塞,240 ms
104.24.82.129,IAD,北美洲,阿什本,240 ms
104.20.109.32,IAD,北美洲,阿什本,240 ms
104.20.21.220,IAD,北美洲,阿什本,240 ms
104.25.187.220,IAD,北美洲,阿什本,240 ms
104.18.84.117,SJC,北美洲,圣何塞,240 ms
104.24.190.177,IAD,北美洲,阿什本,240 ms
104.18.144.207,SJC,北美洲,圣何塞,240 ms
104.25.94.153,IAD,北美洲,阿什本,241 ms
104.25.109.20,IAD,北美洲,阿什本,241 ms
104.20.71.60,IAD,北美洲,阿什本,241 ms
104.18.13.4,SJC,北美洲,圣何塞,241 ms
104.25.249.25,IAD,北美洲,阿什本,241 ms
1.1.1.10,SJC,北美洲,圣何塞,241 ms
104.25.91.131,IAD,北美洲,阿什本,241 ms
104.24.142.52,IAD,北美洲,阿什本,241 ms
104.20.203.181,IAD,北美洲,阿什本,241 ms
104.21.113.205,AMS,欧洲,阿姆斯特丹,241 ms
104.25.87.250,IAD,北美洲,阿什本,242 ms
104.20.234.105,IAD,北美洲,阿什本,242 ms
104.24.209.136,IAD,北美洲,阿什本,242 ms
104.19.232.152,SJC,北美洲,圣何塞,242 ms
1.1.1.2,SJC,北美洲,圣何塞,242 ms
1.1.1.12,SJC,北美洲,圣何塞,242 ms
104.25.84.22,IAD,北美洲,阿什本,242 ms
104.18.169.38,SJC,北美洲,圣何塞,242 ms
104.25.67.23,IAD,北美洲,阿什本,242 ms
104.20.11.223,IAD,北美洲,阿什本,242 ms
104.21.13.90,AMS,欧洲,阿姆斯特丹,243 ms
104.25.245.72,IAD,北美洲,阿什本,243 ms
104.25.179.196,IAD,北美洲,阿什本,243 ms
104.18.9.130,SJC,北美洲,圣何塞,243 ms
104.20.119.1,IAD,北美洲,阿什本,243 ms
104.19.230.39,SJC,北美洲,圣何塞,243 ms
104.23.129.104,IAD,北美洲,阿什本,243 ms
104.20.50.117,IAD,北美洲,阿什本,243 ms
104.20.35.76,IAD,北美洲,阿什本,243 ms
104.20.174.221,IAD,北美洲,阿什本,243 ms
104.20.111.162,IAD,北美洲,阿什本,243 ms
104.25.106.228,IAD,北美洲,阿什本,243 ms
104.24.253.197,IAD,北美洲,阿什本,243 ms
104.24.84.85,IAD,北美洲,阿什本,243 ms
104.20.196.20,IAD,北美洲,阿什本,244 ms
104.25.244.18,IAD,北美洲,阿什本,244 ms
104.26.2.170,IAD,北美洲,阿什本,244 ms
104.21.112.8,AMS,欧洲,阿姆斯特丹,244 ms
104.23.141.19,IAD,北美洲,阿什本,244 ms
104.20.236.50,IAD,北美洲,阿什本,244 ms
104.20.225.222,IAD,北美洲,阿什本,244 ms
104.20.216.6,IAD,北美洲,阿什本,244 ms
104.21.110.171,AMS,欧洲,阿姆斯特丹,244 ms
104.25.165.222,IAD,北美洲,阿什本,244 ms
104.18.27.101,SJC,北美洲,圣何塞,244 ms
104.25.155.135,IAD,北美洲,阿什本,244 ms
104.26.10.213,IAD,北美洲,阿什本,244 ms
104.20.171.253,IAD,北美洲,阿什本,244 ms
1.1.1.201,SJC,北美洲,圣何塞,245 ms
104.20.219.232,IAD,北美洲,阿什本,245 ms
1.1.1.77,SJC,北美洲,圣何塞,245 ms
104.24.247.230,IAD,北美洲,阿什本,245 ms
66.235.200.156,SJC,北美洲,圣何塞,245 ms
1.0.0.214,SJC,北美洲,圣何塞,245 ms
1.1.1.27,SJC,北美洲,圣何塞,245 ms
1.1.1.172,SJC,北美洲,圣何塞,245 ms
104.18.100.125,SJC,北美洲,圣何塞,245 ms
104.25.85.215,IAD,北美洲,阿什本,245 ms
23.227.39.28,SJC,北美洲,圣何塞,245 ms
104.22.60.58,IAD,北美洲,阿什本,245 ms
104.22.61.56,IAD,北美洲,阿什本,245 ms
104.25.142.207,IAD,北美洲,阿什本,246 ms
104.25.154.246,IAD,北美洲,阿什本,246 ms
104.24.141.235,IAD,北美洲,阿什本,246 ms
104.25.204.252,IAD,北美洲,阿什本,246 ms
104.20.224.95,IAD,北美洲,阿什本,246 ms
104.19.191.247,SJC,北美洲,圣何塞,246 ms
104.22.62.12,IAD,北美洲,阿什本,246 ms
104.20.172.104,IAD,北美洲,阿什本,246 ms
104.22.4.52,IAD,北美洲,阿什本,246 ms
104.25.171.103,IAD,北美洲,阿什本,247 ms
104.25.189.32,IAD,北美洲,阿什本,247 ms
1.0.0.226,SJC,北美洲,圣何塞,247 ms
104.25.188.16,IAD,北美洲,阿什本,247 ms
104.22.32.129,IAD,北美洲,阿什本,247 ms
104.17.248.133,SJC,北美洲,圣何塞,247 ms
104.25.145.225,IAD,北美洲,阿什本,247 ms
104.24.168.213,IAD,北美洲,阿什本,247 ms
104.21.9.61,AMS,欧洲,阿姆斯特丹,247 ms
104.20.93.171,IAD,北美洲,阿什本,247 ms
104.18.225.219,SJC,北美洲,圣何塞,247 ms
1.0.0.213,SJC,北美洲,圣何塞,247 ms
104.21.214.118,AMS,欧洲,阿姆斯特丹,247 ms
104.20.210.151,IAD,北美洲,阿什本,247 ms
104.25.93.67,IAD,北美洲,阿什本,247 ms
104.20.44.193,IAD,北美洲,阿什本,247 ms
104.24.79.72,IAD,北美洲,阿什本,247 ms
104.24.80.53,IAD,北美洲,阿什本,247 ms
104.25.247.240,IAD,北美洲,阿什本,247 ms
104.21.10.166,AMS,欧洲,阿姆斯特丹,247 ms
104.21.11.122,AMS,欧洲,阿姆斯特丹,247 ms
104.25.246.24,IAD,北美洲,阿什本,247 ms
104.25.64.25,IAD,北美洲,阿什本,247 ms
104.25.243.45,IAD,北美洲,阿什本,248 ms
1.1.1.25,SJC,北美洲,圣何塞,248 ms
104.22.79.152,IAD,北美洲,阿什本,248 ms
104.24.81.126,IAD,北美洲,阿什本,248 ms
104.25.201.79,IAD,北美洲,阿什本,248 ms
104.25.141.232,IAD,北美洲,阿什本,248 ms
104.25.78.81,IAD,北美洲,阿什本,248 ms
104.17.47.230,SJC,北美洲,圣何塞,248 ms
104.20.70.144,IAD,北美洲,阿什本,248 ms
104.21.26.60,AMS,欧洲,阿姆斯特丹,248 ms
104.26.5.4,IAD,北美洲,阿什本,248 ms
104.17.19.134,SJC,北美洲,圣何塞,248 ms
104.18.178.48,SJC,北美洲,圣何塞,248 ms
104.18.248.78,SJC,北美洲,圣何塞,248 ms
104.18.229.191,SJC,北美洲,圣何塞,248 ms
104.22.59.49,IAD,北美洲,阿什本,248 ms
104.16.78.217,SJC,北美洲,圣何塞,249 ms
104.22.9.175,IAD,北美洲,阿什本,249 ms
104.25.63.123,IAD,北美洲,阿什本,249 ms
104.24.160.68,IAD,北美洲,阿什本,249 ms
104.19.154.83,SJC,北美洲,圣何塞,249 ms
104.20.132.204,IAD,北美洲,阿什本,249 ms
104.22.57.69,IAD,北美洲,阿什本,249 ms
1.0.0.53,SJC,北美洲,圣何塞,249 ms
104.23.130.20,IAD,北美洲,阿什本,249 ms
104.22.46.13,IAD,北美洲,阿什本,250 ms
104.25.152.169,IAD,北美洲,阿什本,250 ms
104.24.52.0,IAD,北美洲,阿什本,250 ms
1.0.0.54,SJC,北美洲,圣何塞,250 ms
104.18.163.144,SJC,北美洲,圣何塞,250 ms
104.24.65.251,IAD,北美洲,阿什本,250 ms
104.21.109.16,AMS,欧洲,阿姆斯特丹,250 ms
104.16.167.251,SJC,北美洲,圣何塞,250 ms
104.17.184.248,SJC,北美洲,圣何塞,250 ms
104.16.152.112,SJC,北美洲,圣何塞,250 ms
1.1.1.68,SJC,北美洲,圣何塞,251 ms
104.24.49.0,IAD,北美洲,阿什本,251 ms
104.24.75.127,IAD,北美洲,阿什本,251 ms
104.24.77.51,IAD,北美洲,阿什本,251 ms
104.20.211.65,IAD,北美洲,阿什本,251 ms
104.24.78.70,IAD,北美洲,阿什本,251 ms
104.25.242.69,IAD,北美洲,阿什本,251 ms
104.24.86.246,IAD,北美洲,阿什本,251 ms
104.18.180.7,SJC,北美洲,圣何塞,251 ms
104.25.195.126,IAD,北美洲,阿什本,251 ms
104.18.143.220,SJC,北美洲,圣何塞,251 ms
104.21.218.235,AMS,欧洲,阿姆斯特丹,251 ms
104.25.241.65,IAD,北美洲,阿什本,252 ms
104.26.15.91,IAD,北美洲,阿什本,252 ms
1.0.0.53,SJC,北美洲,圣何塞,252 ms
104.20.189.42,IAD,北美洲,阿什本,252 ms
104.19.11.45,SJC,北美洲,圣何塞,252 ms
104.20.190.179,IAD,北美洲,阿什本,252 ms
104.24.70.111,IAD,北美洲,阿什本,252 ms
104.21.43.165,AMS,欧洲,阿姆斯特丹,253 ms
104.21.44.0,AMS,欧洲,阿姆斯特丹,253 ms
104.24.136.101,IAD,北美洲,阿什本,253 ms
104.20.207.170,IAD,北美洲,阿什本,253 ms
104.20.170.33,IAD,北美洲,阿什本,253 ms
104.17.242.46,SJC,北美洲,圣何塞,253 ms
104.25.240.68,IAD,北美洲,阿什本,253 ms
104.24.38.30,IAD,北美洲,阿什本,253 ms
104.21.108.113,AMS,欧洲,阿姆斯特丹,253 ms
104.17.241.200,SJC,北美洲,圣何塞,253 ms
104.16.251.114,SJC,北美洲,圣何塞,253 ms
104.16.43.81,SJC,北美洲,圣何塞,253 ms
104.24.71.76,IAD,北美洲,阿什本,254 ms
104.22.1.141,IAD,北美洲,阿什本,254 ms
104.25.239.195,IAD,北美洲,阿什本,254 ms
1.0.0.203,SJC,北美洲,圣何塞,254 ms
104.21.8.158,AMS,欧洲,阿姆斯特丹,254 ms
104.25.197.25,IAD,北美洲,阿什本,254 ms
104.24.51.136,IAD,北美洲,阿什本,254 ms
104.25.139.208,IAD,北美洲,阿什本,254 ms
1.1.1.202,SJC,北美洲,圣何塞,254 ms
104.21.7.247,AMS,欧洲,阿姆斯特丹,254 ms
1.0.0.42,SJC,北美洲,圣何塞,254 ms
104.20.107.254,IAD,北美洲,阿什本,255 ms
1.0.0.54,SJC,北美洲,圣何塞,255 ms
1.0.0.17,SJC,北美洲,圣何塞,255 ms
104.20.22.33,IAD,北美洲,阿什本,255 ms
104.24.134.147,IAD,北美洲,阿什本,255 ms
104.17.7.0,SJC,北美洲,圣何塞,255 ms
104.25.138.141,IAD,北美洲,阿什本,255 ms
104.25.140.145,IAD,北美洲,阿什本,255 ms
104.25.137.164,IAD,北美洲,阿什本,255 ms
104.16.35.54,SJC,北美洲,圣何塞,255 ms
104.24.235.234,IAD,北美洲,阿什本,255 ms
104.18.104.46,SJC,北美洲,圣何塞,255 ms
1.0.0.164,SJC,北美洲,圣何塞,255 ms
104.20.169.40,IAD,北美洲,阿什本,255 ms
104.25.236.158,IAD,北美洲,阿什本,255 ms
1.0.0.77,SJC,北美洲,圣何塞,256 ms
104.19.30.232,SJC,北美洲,圣何塞,256 ms
104.20.102.19,IAD,北美洲,阿什本,256 ms
104.20.104.142,IAD,北美洲,阿什本,256 ms
104.21.5.196,AMS,欧洲,阿姆斯特丹,256 ms
104.24.30.97,IAD,北美洲,阿什本,256 ms
104.20.221.138,IAD,北美洲,阿什本,256 ms
104.22.37.203,IAD,北美洲,阿什本,256 ms
104.22.23.115,IAD,北美洲,阿什本,256 ms
104.22.25.107,IAD,北美洲,阿什本,256 ms
104.22.29.17,IAD,北美洲,阿什本,256 ms
104.25.72.25,IAD,北美洲,阿什本,256 ms
104.25.151.114,IAD,北美洲,阿什本,256 ms
1.1.1.207,SJC,北美洲,圣何塞,256 ms
104.20.168.15,IAD,北美洲,阿什本,256 ms
104.25.89.167,IAD,北美洲,阿什本,256 ms
104.25.58.102,IAD,北美洲,阿什本,256 ms
104.22.35.224,IAD,北美洲,阿什本,257 ms
104.19.228.155,SJC,北美洲,圣何塞,257 ms
1.0.0.86,SJC,北美洲,圣何塞,257 ms
104.17.252.234,SJC,北美洲,圣何塞,257 ms
104.17.161.223,SJC,北美洲,圣何塞,257 ms
104.20.17.163,IAD,北美洲,阿什本,257 ms
104.20.227.58,IAD,北美洲,阿什本,257 ms
104.19.175.52,SJC,北美洲,圣何塞,257 ms
1.1.1.22,SJC,北美洲,圣何塞,257 ms
104.21.4.129,AMS,欧洲,阿姆斯特丹,257 ms
104.18.155.207,SJC,北美洲,圣何塞,257 ms
104.20.122.26,IAD,北美洲,阿什本,257 ms
104.20.69.94,IAD,北美洲,阿什本,257 ms
104.17.250.2,SJC,北美洲,圣何塞,257 ms
104.25.184.124,IAD,北美洲,阿什本,257 ms
104.17.224.209,SJC,北美洲,圣何塞,257 ms
104.21.6.219,AMS,欧洲,阿姆斯特丹,258 ms
104.18.252.81,SJC,北美洲,圣何塞,258 ms
104.25.186.207,IAD,北美洲,阿什本,258 ms
104.25.185.153,IAD,北美洲,阿什本,258 ms
1.0.0.207,SJC,北美洲,圣何塞,258 ms
1.0.0.114,SJC,北美洲,圣何塞,258 ms
104.21.62.44,AMS,欧洲,阿姆斯特丹,258 ms
104.25.56.84,IAD,北美洲,阿什本,258 ms
104.25.82.186,IAD,北美洲,阿什本,258 ms
104.24.208.157,IAD,北美洲,阿什本,258 ms
104.25.62.90,IAD,北美洲,阿什本,258 ms
104.25.180.17,IAD,北美洲,阿什本,258 ms
1.0.0.254,SJC,北美洲,圣何塞,258 ms
104.20.126.127,IAD,北美洲,阿什本,259 ms
104.20.229.1,IAD,北美洲,阿什本,259 ms
104.21.32.240,AMS,欧洲,阿姆斯特丹,259 ms
104.20.130.11,IAD,北美洲,阿什本,259 ms
104.21.3.164,AMS,欧洲,阿姆斯特丹,259 ms
104.24.85.184,IAD,北美洲,阿什本,259 ms
1.0.0.56,SJC,北美洲,圣何塞,259 ms
1.1.1.229,SJC,北美洲,圣何塞,259 ms
104.17.97.167,SJC,北美洲,圣何塞,259 ms
104.24.31.67,IAD,北美洲,阿什本,259 ms
104.25.59.120,IAD,北美洲,阿什本,259 ms
104.25.238.20,IAD,北美洲,阿什本,259 ms
104.25.135.227,IAD,北美洲,阿什本,259 ms
104.20.124.79,IAD,北美洲,阿什本,260 ms
104.25.203.129,IAD,北美洲,阿什本,260 ms
104.24.61.226,IAD,北美洲,阿什本,260 ms
104.18.93.12,SJC,北美洲,圣何塞,260 ms
104.16.150.72,SJC,北美洲,圣何塞,260 ms
104.22.24.12,IAD,北美洲,阿什本,260 ms
104.25.55.116,IAD,北美洲,阿什本,260 ms
104.20.29.210,IAD,北美洲,阿什本,260 ms
104.16.105.175,SJC,北美洲,圣何塞,260 ms
104.25.237.240,IAD,北美洲,阿什本,260 ms
104.22.44.125,IAD,北美洲,阿什本,260 ms
104.25.97.70,IAD,北美洲,阿什本,260 ms
104.20.112.210,IAD,北美洲,阿什本,261 ms
104.20.167.2,IAD,北美洲,阿什本,261 ms
104.25.136.181,IAD,北美洲,阿什本,261 ms
104.18.224.137,SJC,北美洲,圣何塞,261 ms
1.1.1.92,SJC,北美洲,圣何塞,261 ms
104.16.14.117,SJC,北美洲,圣何塞,261 ms
1.1.1.95,SJC,北美洲,圣何塞,261 ms
104.20.68.220,IAD,北美洲,阿什本,261 ms
104.20.6.68,IAD,北美洲,阿什本,261 ms
104.18.170.65,SJC,北美洲,圣何塞,261 ms
104.18.145.238,SJC,北美洲,圣何塞,261 ms
1.1.1.106,SJC,北美洲,圣何塞,261 ms
104.24.48.82,IAD,北美洲,阿什本,261 ms
104.21.107.237,AMS,欧洲,阿姆斯特丹,261 ms
104.24.238.17,IAD,北美洲,阿什本,261 ms
104.21.0.192,AMS,欧洲,阿姆斯特丹,261 ms
104.22.43.20,IAD,北美洲,阿什本,262 ms
104.24.83.101,IAD,北美洲,阿什本,262 ms
104.20.166.207,IAD,北美洲,阿什本,262 ms
104.26.9.104,IAD,北美洲,阿什本,262 ms
104.20.165.233,IAD,北美洲,阿什本,262 ms
104.21.28.255,AMS,欧洲,阿姆斯特丹,262 ms
104.25.235.186,IAD,北美洲,阿什本,262 ms
104.16.199.84,SJC,北美洲,圣何塞,262 ms
1.0.0.156,SJC,北美洲,圣何塞,262 ms
104.20.7.67,IAD,北美洲,阿什本,262 ms
1.1.1.33,SJC,北美洲,圣何塞,262 ms
104.24.237.144,IAD,北美洲,阿什本,263 ms
104.18.37.0,SJC,北美洲,圣何塞,263 ms
104.24.241.95,IAD,北美洲,阿什本,263 ms
104.20.231.5,IAD,北美洲,阿什本,263 ms
104.20.67.83,IAD,北美洲,阿什本,263 ms
1.0.0.79,SJC,北美洲,圣何塞,263 ms
104.24.244.154,IAD,北美洲,阿什本,263 ms
104.26.4.70,IAD,北美洲,阿什本,263 ms
104.17.90.164,SJC,北美洲,圣何塞,263 ms
104.20.182.126,IAD,北美洲,阿什本,263 ms
1.0.0.204,SJC,北美洲,圣何塞,263 ms
104.20.255.155,IAD,北美洲,阿什本,263 ms
104.20.253.143,IAD,北美洲,阿什本,263 ms
104.18.39.33,SJC,北美洲,圣何塞,263 ms
104.17.76.48,SJC,北美洲,圣何塞,264 ms
104.25.134.214,IAD,北美洲,阿什本,264 ms
104.21.15.191,AMS,欧洲,阿姆斯特丹,264 ms
104.17.149.43,SJC,北美洲,圣何塞,264 ms
104.24.32.103,IAD,北美洲,阿什本,264 ms
1.1.1.11,SJC,北美洲,圣何塞,264 ms
104.16.88.195,SJC,北美洲,圣何塞,264 ms
104.24.206.122,IAD,北美洲,阿什本,264 ms
104.25.57.149,IAD,北美洲,阿什本,264 ms
104.16.83.81,SJC,北美洲,圣何塞,265 ms
104.20.14.76,IAD,北美洲,阿什本,265 ms
88.216.66.48,SJC,北美洲,圣何塞,265 ms
104.19.170.40,SJC,北美洲,圣何塞,265 ms
104.20.5.154,IAD,北美洲,阿什本,265 ms
104.25.54.227,IAD,北美洲,阿什本,265 ms
104.16.75.0,SJC,北美洲,圣何塞,265 ms
104.25.133.158,IAD,北美洲,阿什本,265 ms
104.24.204.151,IAD,北美洲,阿什本,265 ms
104.20.164.2,IAD,北美洲,阿什本,265 ms
104.17.74.167,SJC,北美洲,圣何塞,266 ms
104.17.146.181,SJC,北美洲,圣何塞,266 ms
104.20.127.224,IAD,北美洲,阿什本,266 ms
104.24.40.3,IAD,北美洲,阿什本,266 ms
104.26.3.215,IAD,北美洲,阿什本,266 ms
104.21.211.75,AMS,欧洲,阿姆斯特丹,266 ms
104.25.234.225,IAD,北美洲,阿什本,266 ms
104.20.163.73,IAD,北美洲,阿什本,266 ms
104.24.64.135,IAD,北美洲,阿什本,266 ms
104.21.21.153,AMS,欧洲,阿姆斯特丹,267 ms
104.16.30.124,SJC,北美洲,圣何塞,267 ms
104.24.207.10,IAD,北美洲,阿什本,267 ms
104.17.99.249,SJC,北美洲,圣何塞,267 ms
104.18.247.63,SJC,北美洲,圣何塞,267 ms
104.20.179.104,IAD,北美洲,阿什本,267 ms
1.1.1.209,SJC,北美洲,圣何塞,267 ms
104.21.106.94,AMS,欧洲,阿姆斯特丹,267 ms
104.20.252.37,IAD,北美洲,阿什本,267 ms
104.18.90.28,SJC,北美洲,圣何塞,268 ms
1.0.0.74,SJC,北美洲,圣何塞,268 ms
104.24.73.126,IAD,北美洲,阿什本,268 ms
104.24.35.216,IAD,北美洲,阿什本,268 ms
1.1.1.68,SJC,北美洲,圣何塞,268 ms
104.24.205.134,IAD,北美洲,阿什本,268 ms
104.20.65.10,IAD,北美洲,阿什本,268 ms
104.25.202.243,IAD,北美洲,阿什本,268 ms
104.16.15.197,SJC,北美洲,圣何塞,268 ms
104.25.88.219,IAD,北美洲,阿什本,269 ms
104.25.176.128,IAD,北美洲,阿什本,269 ms
154.202.89.57,SJC,北美洲,圣何塞,269 ms
104.16.207.225,SJC,北美洲,圣何塞,269 ms
104.20.66.193,IAD,北美洲,阿什本,269 ms
104.24.202.104,IAD,北美洲,阿什本,269 ms
104.18.150.227,SJC,北美洲,圣何塞,269 ms
104.25.196.104,IAD,北美洲,阿什本,269 ms
104.20.250.231,IAD,北美洲,阿什本,269 ms
104.21.101.180,AMS,欧洲,阿姆斯特丹,269 ms
104.21.104.141,AMS,欧洲,阿姆斯特丹,269 ms
104.17.82.39,SJC,北美洲,圣何塞,270 ms
104.20.249.158,IAD,北美洲,阿什本,270 ms
1.0.0.47,SJC,北美洲,圣何塞,270 ms
104.24.224.203,IAD,北美洲,阿什本,270 ms
104.20.184.53,IAD,北美洲,阿什本,270 ms
104.25.50.38,IAD,北美洲,阿什本,270 ms
104.20.117.154,IAD,北美洲,阿什本,270 ms
104.25.233.164,IAD,北美洲,阿什本,270 ms
104.20.162.118,IAD,北美洲,阿什本,270 ms
104.20.220.28,IAD,北美洲,阿什本,270 ms
104.25.132.36,IAD,北美洲,阿什本,271 ms
104.17.151.199,SJC,北美洲,圣何塞,271 ms
104.24.26.208,IAD,北美洲,阿什本,271 ms
104.21.56.133,AMS,欧洲,阿姆斯特丹,271 ms
104.24.25.2,IAD,北美洲,阿什本,271 ms
104.21.210.113,AMS,欧洲,阿姆斯特丹,271 ms
1.1.1.106,SJC,北美洲,圣何塞,271 ms
104.20.63.237,IAD,北美洲,阿什本,272 ms
104.22.28.123,IAD,北美洲,阿什本,272 ms
104.26.12.106,IAD,北美洲,阿什本,272 ms
104.24.24.162,IAD,北美洲,阿什本,272 ms
104.24.22.243,IAD,北美洲,阿什本,272 ms
104.20.251.249,IAD,北美洲,阿什本,272 ms
104.21.103.141,AMS,欧洲,阿姆斯特丹,272 ms
104.17.164.32,SJC,北美洲,圣何塞,272 ms
104.20.160.208,IAD,北美洲,阿什本,272 ms
104.25.131.3,IAD,北美洲,阿什本,272 ms
104.19.80.41,SJC,北美洲,圣何塞,272 ms
104.18.158.181,SJC,北美洲,圣何塞,272 ms
104.24.20.157,IAD,北美洲,阿什本,273 ms
1.1.1.129,SJC,北美洲,圣何塞,273 ms
104.25.98.182,IAD,北美洲,阿什本,273 ms
104.25.51.171,IAD,北美洲,阿什本,273 ms
104.25.130.53,IAD,北美洲,阿什本,273 ms
104.16.248.123,SJC,北美洲,圣何塞,273 ms
104.24.72.25,IAD,北美洲,阿什本,273 ms
104.24.68.52,IAD,北美洲,阿什本,273 ms
104.24.23.156,IAD,北美洲,阿什本,273 ms
104.24.21.104,IAD,北美洲,阿什本,273 ms
104.25.232.87,IAD,北美洲,阿什本,273 ms
104.20.230.89,IAD,北美洲,阿什本,273 ms
104.16.45.56,SJC,北美洲,圣何塞,273 ms
104.20.161.48,IAD,北美洲,阿什本,273 ms
104.20.209.227,IAD,北美洲,阿什本,273 ms
104.17.45.106,SJC,北美洲,圣何塞,273 ms
104.17.228.16,SJC,北美洲,圣何塞,274 ms
104.19.147.86,SJC,北美洲,圣何塞,274 ms
104.21.100.54,AMS,欧洲,阿姆斯特丹,274 ms
104.16.191.227,SJC,北美洲,圣何塞,274 ms
104.22.19.128,IAD,北美洲,阿什本,274 ms
104.19.231.245,SJC,北美洲,圣何塞,274 ms
104.21.102.25,AMS,欧洲,阿姆斯特丹,274 ms
104.20.204.207,IAD,北美洲,阿什本,275 ms
104.16.99.70,SJC,北美洲,圣何塞,275 ms
104.24.203.254,IAD,北美洲,阿什本,275 ms
104.17.130.120,SJC,北美洲,圣何塞,275 ms
104.25.48.20,IAD,北美洲,阿什本,275 ms
104.16.25.154,SJC,北美洲,圣何塞,275 ms
104.20.64.138,IAD,北美洲,阿什本,275 ms
104.19.58.34,SJC,北美洲,圣何塞,275 ms
104.21.99.64,AMS,欧洲,阿姆斯特丹,275 ms
104.25.228.11,IAD,北美洲,阿什本,275 ms
104.25.231.164,IAD,北美洲,阿什本,275 ms
104.19.198.9,SJC,北美洲,圣何塞,275 ms
104.25.46.146,IAD,北美洲,阿什本,275 ms
104.19.172.227,SJC,北美洲,圣何塞,275 ms
104.25.147.158,IAD,北美洲,阿什本,276 ms
104.18.106.72,SJC,北美洲,圣何塞,276 ms
104.25.129.126,IAD,北美洲,阿什本,276 ms
104.25.127.40,IAD,北美洲,阿什本,276 ms
104.25.128.222,IAD,北美洲,阿什本,276 ms
104.25.126.101,IAD,北美洲,阿什本,276 ms
104.18.138.90,SJC,北美洲,圣何塞,276 ms
104.20.135.158,IAD,北美洲,阿什本,276 ms
104.17.196.191,SJC,北美洲,圣何塞,276 ms
104.20.248.134,IAD,北美洲,阿什本,276 ms
104.22.30.82,IAD,北美洲,阿什本,276 ms
104.16.247.183,SJC,北美洲,圣何塞,276 ms
104.25.178.20,IAD,北美洲,阿什本,277 ms
104.20.247.84,IAD,北美洲,阿什本,277 ms
154.194.12.202,SJC,北美洲,圣何塞,277 ms
104.19.187.77,SJC,北美洲,圣何塞,277 ms
104.20.244.35,IAD,北美洲,阿什本,277 ms
1.1.1.139,SJC,北美洲,圣何塞,277 ms
104.25.125.176,IAD,北美洲,阿什本,278 ms
104.20.246.148,IAD,北美洲,阿什本,278 ms
104.20.183.72,IAD,北美洲,阿什本,278 ms
1.1.1.8,SJC,北美洲,圣何塞,278 ms
104.16.132.68,SJC,北美洲,圣何塞,278 ms
104.16.206.101,SJC,北美洲,圣何塞,278 ms
104.20.245.126,IAD,北美洲,阿什本,278 ms
104.20.215.31,IAD,北美洲,阿什本,278 ms
104.24.69.171,IAD,北美洲,阿什本,278 ms
1.0.0.227,SJC,北美洲,圣何塞,278 ms
1.0.0.156,SJC,北美洲,圣何塞,278 ms
104.25.227.168,IAD,北美洲,阿什本,279 ms
104.25.230.43,IAD,北美洲,阿什本,279 ms
104.20.222.254,IAD,北美洲,阿什本,279 ms
104.18.35.226,SJC,北美洲,圣何塞,279 ms
1.0.0.37,SJC,北美洲,圣何塞,279 ms
104.17.128.40,SJC,北美洲,圣何塞,279 ms
104.22.22.93,IAD,北美洲,阿什本,279 ms
104.17.86.39,SJC,北美洲,圣何塞,279 ms
104.25.2.149,IAD,北美洲,阿什本,279 ms
1.1.1.36,SJC,北美洲,圣何塞,279 ms
104.20.214.95,IAD,北美洲,阿什本,279 ms
104.20.115.148,IAD,北美洲,阿什本,280 ms
1.1.1.85,SJC,北美洲,圣何塞,280 ms
104.20.217.162,IAD,北美洲,阿什本,280 ms
1.0.0.141,SJC,北美洲,圣何塞,280 ms
104.25.229.76,IAD,北美洲,阿什本,281 ms
1.1.1.36,SJC,北美洲,圣何塞,281 ms
88.216.67.190,SJC,北美洲,圣何塞,281 ms
104.18.137.171,SJC,北美洲,圣何塞,281 ms
104.21.23.230,AMS,欧洲,阿姆斯特丹,281 ms
104.20.105.92,IAD,北美洲,阿什本,281 ms
104.17.96.62,SJC,北美洲,圣何塞,281 ms
104.17.187.11,SJC,北美洲,圣何塞,281 ms
104.17.147.91,SJC,北美洲,圣何塞,281 ms
104.19.185.20,SJC,北美洲,圣何塞,282 ms
1.1.1.195,SJC,北美洲,圣何塞,282 ms
104.17.157.76,SJC,北美洲,圣何塞,282 ms
104.25.83.252,IAD,北美洲,阿什本,282 ms
104.20.208.150,IAD,北美洲,阿什本,282 ms
1.1.1.156,SJC,北美洲,圣何塞,283 ms
104.20.206.96,IAD,北美洲,阿什本,283 ms
104.18.253.239,SJC,北美洲,圣何塞,283 ms
104.18.73.220,SJC,北美洲,圣何塞,283 ms
104.22.39.61,IAD,北美洲,阿什本,283 ms
104.21.19.118,AMS,欧洲,阿姆斯特丹,283 ms
104.20.201.224,IAD,北美洲,阿什本,283 ms
1.1.1.96,SJC,北美洲,圣何塞,283 ms
104.20.198.48,IAD,北美洲,阿什本,284 ms
104.25.45.68,IAD,北美洲,阿什本,284 ms
104.20.98.143,IAD,北美洲,阿什本,284 ms
104.19.119.178,SJC,北美洲,圣何塞,284 ms
104.21.47.152,AMS,欧洲,阿姆斯特丹,284 ms
104.25.226.38,IAD,北美洲,阿什本,284 ms
1.1.1.149,SJC,北美洲,圣何塞,284 ms
104.19.227.191,SJC,北美洲,圣何塞,284 ms
104.17.233.18,SJC,北美洲,圣何塞,284 ms
104.24.251.70,IAD,北美洲,阿什本,284 ms
104.20.3.49,IAD,北美洲,阿什本,284 ms
104.17.197.173,SJC,北美洲,圣何塞,285 ms
104.20.200.99,IAD,北美洲,阿什本,285 ms
104.25.225.178,IAD,北美洲,阿什本,285 ms
104.25.49.175,IAD,北美洲,阿什本,285 ms
104.19.237.230,SJC,北美洲,圣何塞,285 ms
104.25.44.101,IAD,北美洲,阿什本,286 ms
104.25.69.150,IAD,北美洲,阿什本,286 ms
104.25.47.121,IAD,北美洲,阿什本,286 ms
104.19.104.237,SJC,北美洲,圣何塞,286 ms
1.1.1.109,SJC,北美洲,圣何塞,286 ms
104.21.31.173,AMS,欧洲,阿姆斯特丹,286 ms
104.18.192.97,SJC,北美洲,圣何塞,286 ms
1.0.0.151,SJC,北美洲,圣何塞,286 ms
1.0.0.106,SJC,北美洲,圣何塞,286 ms
104.21.96.58,AMS,欧洲,阿姆斯特丹,287 ms
104.23.120.77,IAD,北美洲,阿什本,287 ms
104.25.43.115,IAD,北美洲,阿什本,287 ms
104.20.2.111,IAD,北美洲,阿什本,287 ms
104.17.122.212,SJC,北美洲,圣何塞,287 ms
104.25.41.254,IAD,北美洲,阿什本,287 ms
1.0.0.14,SJC,北美洲,圣何塞,287 ms
104.25.35.24,IAD,北美洲,阿什本,287 ms
1.1.1.31,SJC,北美洲,圣何塞,287 ms
104.19.186.204,SJC,北美洲,圣何塞,288 ms
104.20.159.95,IAD,北美洲,阿什本,288 ms
104.19.179.81,SJC,北美洲,圣何塞,288 ms
104.20.192.19,IAD,北美洲,阿什本,288 ms
104.20.62.55,IAD,北美洲,阿什本,288 ms
104.20.114.143,IAD,北美洲,阿什本,288 ms
104.25.39.20,IAD,北美洲,阿什本,288 ms
104.19.116.65,SJC,北美洲,圣何塞,288 ms
1.0.0.94,SJC,北美洲,圣何塞,288 ms
104.22.20.57,IAD,北美洲,阿什本,288 ms
104.20.1.66,IAD,北美洲,阿什本,288 ms
104.25.42.15,IAD,北美洲,阿什本,289 ms
104.24.16.246,IAD,北美洲,阿什本,289 ms
104.19.199.154,SJC,北美洲,圣何塞,289 ms
1.0.0.96,SJC,北美洲,圣何塞,289 ms
104.17.27.24,SJC,北美洲,圣何塞,289 ms
104.18.184.162,SJC,北美洲,圣何塞,289 ms
104.16.71.129,SJC,北美洲,圣何塞,289 ms
104.24.19.44,IAD,北美洲,阿什本,289 ms
104.24.18.65,IAD,北美洲,阿什本,289 ms
104.20.202.185,IAD,北美洲,阿什本,289 ms
104.25.66.62,IAD,北美洲,阿什本,290 ms
104.24.17.117,IAD,北美洲,阿什本,290 ms
104.18.107.165,SJC,北美洲,圣何塞,290 ms
104.20.195.248,IAD,北美洲,阿什本,290 ms
104.16.8.115,SJC,北美洲,圣何塞,290 ms
104.25.60.141,IAD,北美洲,阿什本,290 ms
104.20.212.240,IAD,北美洲,阿什本,291 ms
104.25.224.115,IAD,北美洲,阿什本,291 ms
104.18.200.61,SJC,北美洲,圣何塞,291 ms
104.20.100.8,IAD,北美洲,阿什本,291 ms
1.0.0.35,SJC,北美洲,圣何塞,291 ms
1.1.1.185,SJC,北美洲,圣何塞,291 ms
104.25.38.237,IAD,北美洲,阿什本,291 ms
104.18.206.131,SJC,北美洲,圣何塞,291 ms
1.0.0.139,SJC,北美洲,圣何塞,291 ms
104.16.24.103,SJC,北美洲,圣何塞,291 ms
104.18.245.89,SJC,北美洲,圣何塞,291 ms
104.25.124.62,IAD,北美洲,阿什本,291 ms
104.20.156.61,IAD,北美洲,阿什本,291 ms
104.17.69.88,SJC,北美洲,圣何塞,291 ms
104.25.222.190,IAD,北美洲,阿什本,291 ms
104.16.246.241,SJC,北美洲,圣何塞,291 ms
104.17.253.175,SJC,北美洲,圣何塞,292 ms
1.0.0.157,SJC,北美洲,圣何塞,292 ms
104.20.61.54,IAD,北美洲,阿什本,292 ms
104.19.184.151,SJC,北美洲,圣何塞,292 ms
1.0.0.174,SJC,北美洲,圣何塞,292 ms
104.17.235.187,SJC,北美洲,圣何塞,292 ms
104.20.157.86,IAD,北美洲,阿什本,292 ms
104.25.123.129,IAD,北美洲,阿什本,292 ms
104.16.70.56,SJC,北美洲,圣何塞,292 ms
104.25.223.206,IAD,北美洲,阿什本,292 ms
104.19.73.133,SJC,北美洲,圣何塞,293 ms
104.25.70.242,IAD,北美洲,阿什本,293 ms
104.18.171.13,SJC,北美洲,圣何塞,293 ms
104.18.156.180,SJC,北美洲,圣何塞,293 ms
104.20.242.174,IAD,北美洲,阿什本,293 ms
104.18.103.155,SJC,北美洲,圣何塞,294 ms
104.24.254.126,IAD,北美洲,阿什本,294 ms
104.25.220.201,IAD,北美洲,阿什本,294 ms
104.17.221.51,SJC,北美洲,圣何塞,294 ms
1.0.0.137,SJC,北美洲,圣何塞,294 ms
104.24.200.178,IAD,北美洲,阿什本,294 ms
1.1.1.244,SJC,北美洲,圣何塞,294 ms
104.25.221.88,IAD,北美洲,阿什本,294 ms
104.20.60.92,IAD,北美洲,阿什本,295 ms
104.19.146.105,SJC,北美洲,圣何塞,295 ms
104.25.36.89,IAD,北美洲,阿什本,295 ms
104.25.65.173,IAD,北美洲,阿什本,295 ms
104.21.93.137,AMS,欧洲,阿姆斯特丹,295 ms
104.25.53.88,IAD,北美洲,阿什本,296 ms
104.20.243.80,IAD,北美洲,阿什本,296 ms
104.20.241.78,IAD,北美洲,阿什本,296 ms
104.25.32.166,IAD,北美洲,阿什本,296 ms
104.17.145.49,SJC,北美洲,圣何塞,296 ms
104.25.218.22,IAD,北美洲,阿什本,296 ms
104.18.47.104,SJC,北美洲,圣何塞,297 ms
104.24.233.37,IAD,北美洲,阿什本,297 ms
104.25.219.71,IAD,北美洲,阿什本,297 ms
104.24.199.21,IAD,北美洲,阿什本,298 ms
104.18.2.11,SJC,北美洲,圣何塞,298 ms
104.24.198.189,IAD,北美洲,阿什本,298 ms
104.19.168.128,SJC,北美洲,圣何塞,298 ms
104.20.155.175,IAD,北美洲,阿什本,298 ms
1.1.1.95,SJC,北美洲,圣何塞,298 ms
104.21.92.199,AMS,欧洲,阿姆斯特丹,298 ms
104.25.34.249,IAD,北美洲,阿什本,298 ms
1.0.0.141,SJC,北美洲,圣何塞,298 ms
1.1.1.101,SJC,北美洲,圣何塞,298 ms
104.24.201.69,IAD,北美洲,阿什本,299 ms
104.20.0.27,IAD,北美洲,阿什本,299 ms
104.17.182.100,SJC,北美洲,圣何塞,299 ms
104.25.33.103,IAD,北美洲,阿什本,299 ms
104.19.94.192,SJC,北美洲,圣何塞,299 ms
104.16.142.135,SJC,北美洲,圣何塞,299 ms
104.25.27.62,IAD,北美洲,阿什本,299 ms
104.18.240.144,SJC,北美洲,圣何塞,299 ms
104.21.91.192,AMS,欧洲,阿姆斯特丹,300 ms
104.18.202.162,SJC,北美洲,圣何塞,300 ms
1.0.0.145,SJC,北美洲,圣何塞,300 ms
104.25.122.233,IAD,北美洲,阿什本,300 ms
104.25.37.209,IAD,北美洲,阿什本,300 ms
104.25.29.150,IAD,北美洲,阿什本,300 ms
104.19.194.67,SJC,北美洲,圣何塞,300 ms
104.19.197.255,SJC,北美洲,圣何塞,300 ms
104.25.52.200,IAD,北美洲,阿什本,300 ms
104.17.65.40,SJC,北美洲,圣何塞,300 ms
1.1.1.118,SJC,北美洲,圣何塞,300 ms
104.25.28.162,IAD,北美洲,阿什本,300 ms
104.21.111.6,AMS,欧洲,阿姆斯特丹,301 ms
104.25.120.49,IAD,北美洲,阿什本,301 ms
104.17.85.32,SJC,北美洲,圣何塞,301 ms
104.19.189.1,SJC,北美洲,圣何塞,301 ms
104.20.121.234,IAD,北美洲,阿什本,301 ms
104.23.118.215,IAD,北美洲,阿什本,301 ms
104.23.117.85,IAD,北美洲,阿什本,301 ms
1.0.0.107,SJC,北美洲,圣何塞,302 ms
1.1.1.199,SJC,北美洲,圣何塞,302 ms
104.24.196.216,IAD,北美洲,阿什本,302 ms
104.17.101.137,SJC,北美洲,圣何塞,302 ms
104.20.154.45,IAD,北美洲,阿什本,302 ms
104.18.220.167,SJC,北美洲,圣何塞,302 ms
104.19.176.78,SJC,北美洲,圣何塞,302 ms
104.23.119.218,IAD,北美洲,阿什本,302 ms
104.25.167.247,IAD,北美洲,阿什本,303 ms
104.20.58.16,IAD,北美洲,阿什本,303 ms
104.20.153.240,IAD,北美洲,阿什本,303 ms
104.20.152.52,IAD,北美洲,阿什本,303 ms
104.25.23.80,IAD,北美洲,阿什本,303 ms
104.16.104.19,SJC,北美洲,圣何塞,303 ms
104.20.113.202,IAD,北美洲,阿什本,303 ms
104.18.241.65,SJC,北美洲,圣何塞,303 ms
104.20.108.244,IAD,北美洲,阿什本,303 ms
104.20.110.187,IAD,北美洲,阿什本,303 ms
104.25.148.97,IAD,北美洲,阿什本,304 ms
104.17.165.118,SJC,北美洲,圣何塞,304 ms
104.16.220.29,SJC,北美洲,圣何塞,304 ms
104.21.198.97,AMS,欧洲,阿姆斯特丹,304 ms
104.21.17.75,AMS,欧洲,阿姆斯特丹,305 ms
104.25.31.133,IAD,北美洲,阿什本,305 ms
104.25.217.205,IAD,北美洲,阿什本,305 ms
104.16.6.166,SJC,北美洲,圣何塞,305 ms
104.19.229.245,SJC,北美洲,圣何塞,305 ms
104.18.94.71,SJC,北美洲,圣何塞,306 ms
104.16.101.103,SJC,北美洲,圣何塞,306 ms
104.17.138.154,SJC,北美洲,圣何塞,306 ms
104.25.121.155,IAD,北美洲,阿什本,306 ms
104.24.13.29,IAD,北美洲,阿什本,306 ms
104.25.30.66,IAD,北美洲,阿什本,306 ms
104.20.101.108,IAD,北美洲,阿什本,307 ms
104.21.193.178,AMS,欧洲,阿姆斯特丹,307 ms
104.23.116.106,IAD,北美洲,阿什本,307 ms
104.23.115.143,IAD,北美洲,阿什本,307 ms
104.16.106.80,SJC,北美洲,圣何塞,307 ms
104.20.59.35,IAD,北美洲,阿什本,307 ms
104.19.160.4,SJC,北美洲,圣何塞,307 ms
104.25.26.77,IAD,北美洲,阿什本,307 ms
1.1.1.122,SJC,北美洲,圣何塞,307 ms
104.17.171.202,SJC,北美洲,圣何塞,307 ms
1.1.1.64,SJC,北美洲,圣何塞,307 ms
104.24.12.57,IAD,北美洲,阿什本,307 ms
1.0.0.10,SJC,北美洲,圣何塞,308 ms
1.0.0.121,SJC,北美洲,圣何塞,308 ms
104.19.49.211,SJC,北美洲,圣何塞,309 ms
1.1.1.222,SJC,北美洲,圣何塞,309 ms
104.25.24.120,IAD,北美洲,阿什本,309 ms
104.18.218.120,SJC,北美洲,圣何塞,309 ms
1.0.0.184,SJC,北美洲,圣何塞,309 ms
1.0.0.43,SJC,北美洲,圣何塞,309 ms
104.24.223.233,IAD,北美洲,阿什本,309 ms
1.0.0.250,SJC,北美洲,圣何塞,309 ms
104.17.175.93,SJC,北美洲,圣何塞,310 ms
1.0.0.216,SJC,北美洲,圣何塞,310 ms
1.1.1.44,SJC,北美洲,圣何塞,310 ms
104.20.151.115,IAD,北美洲,阿什本,310 ms
104.19.163.246,SJC,北美洲,圣何塞,310 ms
104.17.217.9,SJC,北美洲,圣何塞,310 ms
1.1.1.120,SJC,北美洲,圣何塞,310 ms
1.1.1.89,SJC,北美洲,圣何塞,310 ms
104.22.36.118,IAD,北美洲,阿什本,310 ms
104.17.216.232,SJC,北美洲,圣何塞,311 ms
104.19.91.239,SJC,北美洲,圣何塞,311 ms
1.1.1.211,SJC,北美洲,圣何塞,311 ms
1.0.0.89,SJC,北美洲,圣何塞,311 ms
104.25.119.96,IAD,北美洲,阿什本,312 ms
104.16.173.171,SJC,北美洲,圣何塞,312 ms
1.1.1.112,SJC,北美洲,圣何塞,312 ms
1.0.0.255,SJC,北美洲,圣何塞,313 ms
1.1.1.220,SJC,北美洲,圣何塞,313 ms
104.16.171.80,SJC,北美洲,圣何塞,313 ms
1.0.0.93,SJC,北美洲,圣何塞,313 ms
104.25.117.120,IAD,北美洲,阿什本,314 ms
104.20.150.35,IAD,北美洲,阿什本,314 ms
104.17.94.68,SJC,北美洲,圣何塞,314 ms
104.16.139.102,SJC,北美洲,圣何塞,315 ms
104.19.8.142,SJC,北美洲,圣何塞,315 ms
1.1.1.95,SJC,北美洲,圣何塞,316 ms
104.25.22.159,IAD,北美洲,阿什本,316 ms
104.18.249.155,SJC,北美洲,圣何塞,316 ms
154.197.121.53,SJC,北美洲,圣何塞,316 ms
1.0.0.71,SJC,北美洲,圣何塞,316 ms
193.9.49.71,SJC,北美洲,圣何塞,317 ms
1.1.1.177,SJC,北美洲,圣何塞,317 ms
104.17.189.175,SJC,北美洲,圣何塞,318 ms
104.17.155.75,SJC,北美洲,圣何塞,318 ms
1.0.0.159,SJC,北美洲,圣何塞,318 ms
104.18.132.96,SJC,北美洲,圣何塞,318 ms
104.16.61.117,SJC,北美洲,圣何塞,318 ms
104.16.80.183,SJC,北美洲,圣何塞,318 ms
104.19.224.163,SJC,北美洲,圣何塞,319 ms
104.17.62.26,SJC,北美洲,圣何塞,320 ms
104.18.3.211,SJC,北美洲,圣何塞,320 ms
104.25.18.143,IAD,北美洲,阿什本,320 ms
104.16.44.131,SJC,北美洲,圣何塞,320 ms
104.18.77.93,SJC,北美洲,圣何塞,320 ms
104.26.8.154,IAD,北美洲,阿什本,321 ms
1.0.0.189,SJC,北美洲,圣何塞,321 ms
104.24.153.179,IAD,北美洲,阿什本,321 ms
1.1.1.30,SJC,北美洲,圣何塞,321 ms
1.0.0.49,SJC,北美洲,圣何塞,321 ms
104.24.9.54,IAD,北美洲,阿什本,321 ms
104.19.52.143,SJC,北美洲,圣何塞,321 ms
104.19.145.211,SJC,北美洲,圣何塞,321 ms
104.19.161.166,SJC,北美洲,圣何塞,321 ms
1.0.0.115,SJC,北美洲,圣何塞,322 ms
104.17.141.112,SJC,北美洲,圣何塞,322 ms
1.1.1.21,SJC,北美洲,圣何塞,322 ms
104.18.131.19,SJC,北美洲,圣何塞,322 ms
1.1.1.146,SJC,北美洲,圣何塞,323 ms
1.0.0.48,SJC,北美洲,圣何塞,323 ms
104.16.90.50,SJC,北美洲,圣何塞,323 ms
104.16.9.95,SJC,北美洲,圣何塞,323 ms
104.16.93.172,SJC,北美洲,圣何塞,323 ms
104.20.149.203,IAD,北美洲,阿什本,324 ms
104.18.130.194,SJC,北美洲,圣何塞,324 ms
104.17.162.178,SJC,北美洲,圣何塞,324 ms
104.17.214.95,SJC,北美洲,圣何塞,324 ms
104.16.211.84,SJC,北美洲,圣何塞,324 ms
104.18.227.234,SJC,北美洲,圣何塞,325 ms
1.1.1.7,SJC,北美洲,圣何塞,325 ms
1.1.1.149,SJC,北美洲,圣何塞,325 ms
104.16.20.51,SJC,北美洲,圣何塞,325 ms
104.18.196.219,SJC,北美洲,圣何塞,325 ms
1.0.0.183,SJC,北美洲,圣何塞,326 ms
104.19.158.106,SJC,北美洲,圣何塞,326 ms
104.17.172.162,SJC,北美洲,圣何塞,326 ms
1.0.0.178,SJC,北美洲,圣何塞,327 ms
104.17.59.168,SJC,北美洲,圣何塞,327 ms
1.0.0.120,SJC,北美洲,圣何塞,327 ms
1.1.1.83,SJC,北美洲,圣何塞,327 ms
1.1.1.133,SJC,北美洲,圣何塞,327 ms
1.0.0.144,SJC,北美洲,圣何塞,327 ms
104.18.46.128,SJC,北美洲,圣何塞,328 ms
104.19.55.161,SJC,北美洲,圣何塞,328 ms
1.1.1.58,SJC,北美洲,圣何塞,328 ms
104.17.231.100,SJC,北美洲,圣何塞,328 ms
1.1.1.234,SJC,北美洲,圣何塞,328 ms
1.1.1.253,SJC,北美洲,圣何塞,328 ms
104.17.169.73,SJC,北美洲,圣何塞,329 ms
1.1.1.220,SJC,北美洲,圣何塞,330 ms
104.25.14.232,IAD,北美洲,阿什本,330 ms
104.19.192.230,SJC,北美洲,圣何塞,331 ms
104.16.164.38,SJC,北美洲,圣何塞,331 ms
1.0.0.76,SJC,北美洲,圣何塞,331 ms
104.19.167.145,SJC,北美洲,圣何塞,331 ms
104.17.109.84,SJC,北美洲,圣何塞,332 ms
104.18.142.125,SJC,北美洲,圣何塞,332 ms
104.19.92.96,SJC,北美洲,圣何塞,332 ms
104.17.79.106,SJC,北美洲,圣何塞,333 ms
1.0.0.138,SJC,北美洲,圣何塞,333 ms
1.0.0.225,SJC,北美洲,圣何塞,333 ms
104.17.64.230,SJC,北美洲,圣何塞,335 ms
104.16.232.2,SJC,北美洲,圣何塞,335 ms
104.17.58.193,SJC,北美洲,圣何塞,336 ms
195.85.23.10,SJC,北美洲,圣何塞,336 ms
104.18.216.125,SJC,北美洲,圣何塞,336 ms
104.17.247.129,SJC,北美洲,圣何塞,336 ms
104.18.87.154,SJC,北美洲,圣何塞,337 ms
104.16.26.76,SJC,北美洲,圣何塞,338 ms
104.19.109.152,SJC,北美洲,圣何塞,338 ms
104.17.55.152,SJC,北美洲,圣何塞,339 ms
104.17.220.221,SJC,北美洲,圣何塞,339 ms
104.18.215.21,SJC,北美洲,圣何塞,339 ms
104.17.0.161,SJC,北美洲,圣何塞,339 ms
1.0.0.115,SJC,北美洲,圣何塞,339 ms
104.17.111.58,SJC,北美洲,圣何塞,339 ms
1.1.1.230,SJC,北美洲,圣何塞,339 ms
104.17.105.170,SJC,北美洲,圣何塞,341 ms
1.1.1.50,SJC,北美洲,圣何塞,341 ms
1.1.1.7,SJC,北美洲,圣何塞,342 ms
104.16.197.156,SJC,北美洲,圣何塞,342 ms
1.1.1.11,SJC,北美洲,圣何塞,342 ms
1.1.1.145,SJC,北美洲,圣何塞,342 ms
104.17.159.57,SJC,北美洲,圣何塞,342 ms
1.0.0.148,SJC,北美洲,圣何塞,343 ms
1.0.0.150,SJC,北美洲,圣何塞,343 ms
23.227.60.164,SJC,北美洲,圣何塞,343 ms
104.18.74.193,SJC,北美洲,圣何塞,343 ms
104.18.128.51,SJC,北美洲,圣何塞,343 ms
104.18.165.40,SJC,北美洲,圣何塞,343 ms
154.197.80.33,SJC,北美洲,圣何塞,343 ms
104.16.60.53,SJC,北美洲,圣何塞,343 ms
104.18.141.107,SJC,北美洲,圣何塞,344 ms
1.0.0.176,SJC,北美洲,圣何塞,344 ms
104.18.49.247,SJC,北美洲,圣何塞,344 ms
104.16.63.68,SJC,北美洲,圣何塞,344 ms
104.16.131.154,SJC,北美洲,圣何塞,344 ms
104.19.159.99,SJC,北美洲,圣何塞,344 ms
104.16.252.46,SJC,北美洲,圣何塞,344 ms
104.19.51.50,SJC,北美洲,圣何塞,345 ms
104.17.34.3,SJC,北美洲,圣何塞,345 ms
104.17.181.150,SJC,北美洲,圣何塞,345 ms
104.16.62.141,SJC,北美洲,圣何塞,345 ms
104.16.237.105,SJC,北美洲,圣何塞,345 ms
1.1.1.110,SJC,北美洲,圣何塞,345 ms
104.17.209.205,SJC,北美洲,圣何塞,346 ms
104.18.55.13,SJC,北美洲,圣何塞,346 ms
104.19.162.242,SJC,北美洲,圣何塞,346 ms
1.0.0.189,SJC,北美洲,圣何塞,346 ms
1.0.0.38,SJC,北美洲,圣何塞,346 ms
104.16.36.89,SJC,北美洲,圣何塞,346 ms
104.19.43.40,SJC,北美洲,圣何塞,346 ms
1.1.1.136,SJC,北美洲,圣何塞,347 ms
1.1.1.170,SJC,北美洲,圣何塞,347 ms
1.1.1.209,SJC,北美洲,圣何塞,347 ms
1.0.0.233,SJC,北美洲,圣何塞,348 ms
104.17.51.84,SJC,北美洲,圣何塞,348 ms
104.18.147.43,SJC,北美洲,圣何塞,348 ms
1.1.1.78,SJC,北美洲,圣何塞,348 ms
1.0.0.2,SJC,北美洲,圣何塞,348 ms
1.1.1.210,SJC,北美洲,圣何塞,348 ms
104.16.58.15,SJC,北美洲,圣何塞,349 ms
104.16.19.85,SJC,北美洲,圣何塞,349 ms
104.16.250.255,SJC,北美洲,圣何塞,349 ms
1.0.0.88,SJC,北美洲,圣何塞,349 ms
104.16.170.23,SJC,北美洲,圣何塞,350 ms
104.18.105.202,SJC,北美洲,圣何塞,350 ms
1.1.1.187,SJC,北美洲,圣何塞,350 ms
1.0.0.207,SJC,北美洲,圣何塞,351 ms
1.0.0.58,SJC,北美洲,圣何塞,351 ms
104.19.54.146,SJC,北美洲,圣何塞,351 ms
104.16.214.176,SJC,北美洲,圣何塞,351 ms
104.16.38.19,SJC,北美洲,圣何塞,351 ms
104.16.91.84,SJC,北美洲,圣何塞,351 ms
104.19.155.11,SJC,北美洲,圣何塞,351 ms
104.19.177.175,SJC,北美洲,圣何塞,352 ms
1.1.1.149,SJC,北美洲,圣何塞,352 ms
104.17.211.53,SJC,北美洲,圣何塞,352 ms
1.1.1.13,SJC,北美洲,圣何塞,352 ms
1.1.1.91,SJC,北美洲,圣何塞,352 ms
104.17.243.239,SJC,北美洲,圣何塞,353 ms
104.16.28.153,SJC,北美洲,圣何塞,353 ms
104.17.117.49,SJC,北美洲,圣何塞,353 ms
1.0.0.176,SJC,北美洲,圣何塞,353 ms
195.245.221.228,SJC,北美洲,圣何塞,353 ms
1.1.1.19,SJC,北美洲,圣何塞,354 ms
1.0.0.36,SJC,北美洲,圣何塞,354 ms
104.17.195.83,SJC,北美洲,圣何塞,354 ms
192.133.11.69,SJC,北美洲,圣何塞,354 ms
1.1.1.16,SJC,北美洲,圣何塞,354 ms
1.1.1.151,SJC,北美洲,圣何塞,354 ms
1.0.0.207,SJC,北美洲,圣何塞,354 ms
1.1.1.183,SJC,北美洲,圣何塞,355 ms
104.16.39.200,SJC,北美洲,圣何塞,355 ms
104.17.121.8,SJC,北美洲,圣何塞,355 ms
104.16.243.249,SJC,北美洲,圣何塞,356 ms
193.227.99.137,SJC,北美洲,圣何塞,356 ms
1.1.1.117,SJC,北美洲,圣何塞,356 ms
104.16.226.253,SJC,北美洲,圣何塞,356 ms
104.16.55.167,SJC,北美洲,圣何塞,357 ms
104.16.198.25,SJC,北美洲,圣何塞,357 ms
104.18.41.15,SJC,北美洲,圣何塞,357 ms
104.17.66.215,SJC,北美洲,圣何塞,357 ms
104.17.223.133,SJC,北美洲,圣何塞,357 ms
104.17.190.200,SJC,北美洲,圣何塞,357 ms
104.19.233.23,SJC,北美洲,圣何塞,357 ms
104.16.85.216,SJC,北美洲,圣何塞,358 ms
1.1.1.126,SJC,北美洲,圣何塞,358 ms
104.17.78.181,SJC,北美洲,圣何塞,358 ms
1.1.1.65,SJC,北美洲,圣何塞,358 ms
1.0.0.123,SJC,北美洲,圣何塞,358 ms
1.1.1.57,SJC,北美洲,圣何塞,358 ms
104.18.76.169,SJC,北美洲,圣何塞,358 ms
104.17.115.167,SJC,北美洲,圣何塞,359 ms
104.17.48.86,SJC,北美洲,圣何塞,359 ms
104.18.42.158,SJC,北美洲,圣何塞,359 ms
104.19.165.228,SJC,北美洲,圣何塞,359 ms
1.1.1.103,SJC,北美洲,圣何塞,359 ms
1.1.1.158,SJC,北美洲,圣何塞,359 ms
104.16.188.9,SJC,北美洲,圣何塞,359 ms
1.0.0.185,SJC,北美洲,圣何塞,359 ms
104.16.225.68,SJC,北美洲,圣何塞,360 ms
104.17.33.176,SJC,北美洲,圣何塞,360 ms
104.18.88.120,SJC,北美洲,圣何塞,360 ms
104.18.179.10,SJC,北美洲,圣何塞,360 ms
1.1.1.160,SJC,北美洲,圣何塞,360 ms
104.17.119.99,SJC,北美洲,圣何塞,360 ms
104.19.181.149,SJC,北美洲,圣何塞,361 ms
104.18.66.101,SJC,北美洲,圣何塞,361 ms
104.19.68.42,SJC,北美洲,圣何塞,361 ms
1.0.0.19,SJC,北美洲,圣何塞,361 ms
104.16.241.250,SJC,北美洲,圣何塞,361 ms
104.16.213.173,SJC,北美洲,圣何塞,361 ms
104.17.219.50,SJC,北美洲,圣何塞,361 ms
1.0.0.165,SJC,北美洲,圣何塞,361 ms
104.19.205.160,SJC,北美洲,圣何塞,361 ms
1.1.1.237,SJC,北美洲,圣何塞,362 ms
104.18.12.175,SJC,北美洲,圣何塞,362 ms
1.0.0.156,SJC,北美洲,圣何塞,362 ms
104.16.66.218,SJC,北美洲,圣何塞,362 ms
1.1.1.196,SJC,北美洲,圣何塞,362 ms
1.1.1.134,SJC,北美洲,圣何塞,362 ms
104.19.190.208,SJC,北美洲,圣何塞,363 ms
104.16.235.107,SJC,北美洲,圣何塞,363 ms
104.17.226.36,SJC,北美洲,圣何塞,363 ms
104.16.234.81,SJC,北美洲,圣何塞,363 ms
1.0.0.81,SJC,北美洲,圣何塞,363 ms
1.0.0.211,SJC,北美洲,圣何塞,363 ms
104.16.166.246,SJC,北美洲,圣何塞,363 ms
104.17.4.145,SJC,北美洲,圣何塞,363 ms
104.18.153.145,SJC,北美洲,圣何塞,364 ms
1.1.1.255,SJC,北美洲,圣何塞,364 ms
104.18.151.159,SJC,北美洲,圣何塞,364 ms
104.18.222.101,SJC,北美洲,圣何塞,364 ms
104.16.107.19,SJC,北美洲,圣何塞,364 ms
104.16.74.75,SJC,北美洲,圣何塞,364 ms
1.1.1.55,SJC,北美洲,圣何塞,364 ms
23.227.38.172,SJC,北美洲,圣何塞,364 ms
104.17.30.48,SJC,北美洲,圣何塞,364 ms
1.0.0.154,SJC,北美洲,圣何塞,365 ms
104.16.73.168,SJC,北美洲,圣何塞,365 ms
104.16.72.248,SJC,北美洲,圣何塞,365 ms
104.16.212.155,SJC,北美洲,圣何塞,365 ms
1.1.1.235,SJC,北美洲,圣何塞,365 ms
104.18.232.92,SJC,北美洲,圣何塞,365 ms
104.16.149.116,SJC,北美洲,圣何塞,365 ms
104.17.67.4,SJC,北美洲,圣何塞,365 ms
104.17.234.220,SJC,北美洲,圣何塞,365 ms
104.16.135.15,SJC,北美洲,圣何塞,366 ms
1.0.0.141,SJC,北美洲,圣何塞,366 ms
104.18.21.79,SJC,北美洲,圣何塞,366 ms
104.18.217.6,SJC,北美洲,圣何塞,366 ms
104.18.78.81,SJC,北美洲,圣何塞,366 ms
1.0.0.40,SJC,北美洲,圣何塞,366 ms
104.17.21.231,SJC,北美洲,圣何塞,366 ms
1.1.1.242,SJC,北美洲,圣何塞,367 ms
104.18.162.53,SJC,北美洲,圣何塞,367 ms
1.0.0.19,SJC,北美洲,圣何塞,367 ms
104.18.244.98,SJC,北美洲,圣何塞,367 ms
104.17.137.130,SJC,北美洲,圣何塞,367 ms
104.19.215.179,SJC,北美洲,圣何塞,367 ms
104.16.134.136,SJC,北美洲,圣何塞,367 ms
1.0.0.90,SJC,北美洲,圣何塞,367 ms
1.0.0.206,SJC,北美洲,圣何塞,368 ms
1.0.0.113,SJC,北美洲,圣何塞,368 ms
104.18.72.143,SJC,北美洲,圣何塞,368 ms
45.80.111.12,SJC,北美洲,圣何塞,368 ms
104.19.89.142,SJC,北美洲,圣何塞,368 ms
1.1.1.83,SJC,北美洲,圣何塞,368 ms
1.1.1.160,SJC,北美洲,圣何塞,368 ms
104.17.123.117,SJC,北美洲,圣何塞,369 ms
188.42.145.165,SJC,北美洲,圣何塞,369 ms
104.18.101.194,SJC,北美洲,圣何塞,369 ms
1.1.1.168,SJC,北美洲,圣何塞,369 ms
1.1.1.115,SJC,北美洲,圣何塞,369 ms
1.0.0.40,SJC,北美洲,圣何塞,369 ms
104.17.131.167,SJC,北美洲,圣何塞,370 ms
104.18.194.242,SJC,北美洲,圣何塞,370 ms
104.16.59.131,SJC,北美洲,圣何塞,371 ms
104.17.72.174,SJC,北美洲,圣何塞,371 ms
104.18.160.135,SJC,北美洲,圣何塞,371 ms
104.19.166.208,SJC,北美洲,圣何塞,371 ms
1.1.1.104,SJC,北美洲,圣何塞,371 ms
1.0.0.252,SJC,北美洲,圣何塞,371 ms
104.16.183.62,SJC,北美洲,圣何塞,371 ms
104.16.253.101,SJC,北美洲,圣何塞,372 ms
104.18.164.109,SJC,北美洲,圣何塞,372 ms
104.16.64.116,SJC,北美洲,圣何塞,372 ms
1.1.1.244,SJC,北美洲,圣何塞,373 ms
104.16.228.194,SJC,北美洲,圣何塞,373 ms
104.19.236.218,SJC,北美洲,圣何塞,373 ms
104.19.156.30,SJC,北美洲,圣何塞,373 ms
104.17.205.79,SJC,北美洲,圣何塞,373 ms
1.1.1.40,SJC,北美洲,圣何塞,373 ms
104.17.95.250,SJC,北美洲,圣何塞,373 ms
104.16.146.111,SJC,北美洲,圣何塞,373 ms
104.18.189.31,SJC,北美洲,圣何塞,373 ms
1.1.1.192,SJC,北美洲,圣何塞,374 ms
104.16.111.212,SJC,北美洲,圣何塞,374 ms
104.17.49.108,SJC,北美洲,圣何塞,374 ms
1.1.1.101,SJC,北美洲,圣何塞,374 ms
104.16.65.69,SJC,北美洲,圣何塞,374 ms
104.18.187.131,SJC,北美洲,圣何塞,374 ms
1.0.0.184,SJC,北美洲,圣何塞,374 ms
104.18.182.122,SJC,北美洲,圣何塞,375 ms
104.19.95.242,SJC,北美洲,圣何塞,375 ms
1.0.0.155,SJC,北美洲,圣何塞,375 ms
1.0.0.70,SJC,北美洲,圣何塞,375 ms
104.17.150.83,SJC,北美洲,圣何塞,375 ms
104.16.189.68,SJC,北美洲,圣何塞,376 ms
104.18.185.66,SJC,北美洲,圣何塞,376 ms
45.80.108.33,SJC,北美洲,圣何塞,376 ms
89.116.46.136,SJC,北美洲,圣何塞,376 ms
104.17.84.28,SJC,北美洲,圣何塞,376 ms
104.16.54.115,SJC,北美洲,圣何塞,376 ms
1.1.1.129,SJC,北美洲,圣何塞,377 ms
1.1.1.18,SJC,北美洲,圣何塞,377 ms
1.0.0.80,SJC,北美洲,圣何塞,377 ms
104.19.151.50,SJC,北美洲,圣何塞,377 ms
1.1.1.44,SJC,北美洲,圣何塞,378 ms
1.1.1.146,SJC,北美洲,圣何塞,378 ms
104.18.181.143,SJC,北美洲,圣何塞,378 ms
1.1.1.166,SJC,北美洲,圣何塞,378 ms
1.0.0.213,SJC,北美洲,圣何塞,378 ms
104.17.46.63,SJC,北美洲,圣何塞,378 ms
1.1.1.135,SJC,北美洲,圣何塞,378 ms
104.18.44.47,SJC,北美洲,圣何塞,378 ms
104.17.244.156,SJC,北美洲,圣何塞,379 ms
104.17.63.254,SJC,北美洲,圣何塞,379 ms
104.19.188.123,SJC,北美洲,圣何塞,379 ms
1.1.1.189,SJC,北美洲,圣何塞,379 ms
104.16.76.208,SJC,北美洲,圣何塞,379 ms
104.19.201.131,SJC,北美洲,圣何塞,379 ms
1.0.0.236,SJC,北美洲,圣何塞,379 ms
104.17.156.252,SJC,北美洲,圣何塞,380 ms
1.0.0.85,SJC,北美洲,圣何塞,380 ms
1.0.0.169,SJC,北美洲,圣何塞,380 ms
104.17.186.57,SJC,北美洲,圣何塞,380 ms
1.0.0.157,SJC,北美洲,圣何塞,380 ms
104.16.254.84,SJC,北美洲,圣何塞,380 ms
104.16.240.27,SJC,北美洲,圣何塞,380 ms
104.17.113.140,SJC,北美洲,圣何塞,380 ms
1.0.0.130,SJC,北美洲,圣何塞,380 ms
104.16.201.56,SJC,北美洲,圣何塞,381 ms
104.18.0.223,SJC,北美洲,圣何塞,381 ms
104.17.139.62,SJC,北美洲,圣何塞,381 ms
1.0.0.247,SJC,北美洲,圣何塞,382 ms
1.0.0.95,SJC,北美洲,圣何塞,382 ms
104.17.185.142,SJC,北美洲,圣何塞,382 ms
104.19.122.226,SJC,北美洲,圣何塞,382 ms
104.18.85.162,SJC,北美洲,圣何塞,382 ms
1.0.0.79,SJC,北美洲,圣何塞,382 ms
104.17.134.67,SJC,北美洲,圣何塞,382 ms
104.16.192.181,SJC,北美洲,圣何塞,383 ms
1.0.0.78,SJC,北美洲,圣何塞,383 ms
104.17.170.106,SJC,北美洲,圣何塞,383 ms
1.1.1.191,SJC,北美洲,圣何塞,383 ms
104.16.180.133,SJC,北美洲,圣何塞,383 ms
1.1.1.189,SJC,北美洲,圣何塞,384 ms
104.18.15.189,SJC,北美洲,圣何塞,384 ms
104.17.178.209,SJC,北美洲,圣何塞,384 ms
194.53.53.44,SJC,北美洲,圣何塞,384 ms
104.17.70.156,SJC,北美洲,圣何塞,384 ms
1.1.1.238,SJC,北美洲,圣何塞,384 ms
104.17.28.193,SJC,北美洲,圣何塞,385 ms
104.18.251.44,SJC,北美洲,圣何塞,385 ms
104.19.182.247,SJC,北美洲,圣何塞,385 ms
104.18.5.189,SJC,北美洲,圣何塞,385 ms
168.100.6.37,SJC,北美洲,圣何塞,385 ms
1.0.0.98,SJC,北美洲,圣何塞,385 ms
1.1.1.225,SJC,北美洲,圣何塞,386 ms
1.1.1.61,SJC,北美洲,圣何塞,386 ms
1.1.1.48,SJC,北美洲,圣何塞,386 ms
104.16.238.41,SJC,北美洲,圣何塞,386 ms
104.17.210.166,SJC,北美洲,圣何塞,386 ms
1.1.1.184,SJC,北美洲,圣何塞,386 ms
1.1.1.167,SJC,北美洲,圣何塞,387 ms
1.1.1.169,SJC,北美洲,圣何塞,387 ms
1.0.0.188,SJC,北美洲,圣何塞,387 ms
104.19.126.193,SJC,北美洲,圣何塞,387 ms
1.0.0.95,SJC,北美洲,圣何塞,387 ms
1.0.0.30,SJC,北美洲,圣何塞,387 ms
104.16.231.236,SJC,北美洲,圣何塞,388 ms
104.18.168.112,SJC,北美洲,圣何塞,388 ms
104.16.77.113,SJC,北美洲,圣何塞,388 ms
104.17.154.60,SJC,北美洲,圣何塞,388 ms
104.16.196.128,SJC,北美洲,圣何塞,388 ms
104.16.168.168,SJC,北美洲,圣何塞,389 ms
104.17.25.107,SJC,北美洲,圣何塞,389 ms
104.18.152.44,SJC,北美洲,圣何塞,389 ms
104.17.152.219,SJC,北美洲,圣何塞,389 ms
104.17.6.4,SJC,北美洲,圣何塞,390 ms
104.16.79.109,SJC,北美洲,圣何塞,390 ms
104.16.163.133,SJC,北美洲,圣何塞,390 ms
104.19.120.6,SJC,北美洲,圣何塞,391 ms
104.17.249.37,SJC,北美洲,圣何塞,391 ms
1.1.1.113,SJC,北美洲,圣何塞,391 ms
1.0.0.167,SJC,北美洲,圣何塞,391 ms
1.1.1.35,SJC,北美洲,圣何塞,391 ms
104.17.23.32,SJC,北美洲,圣何塞,391 ms
104.16.209.255,SJC,北美洲,圣何塞,391 ms
1.1.1.222,SJC,北美洲,圣何塞,392 ms
1.0.0.200,SJC,北美洲,圣何塞,392 ms
1.1.1.184,SJC,北美洲,圣何塞,392 ms
104.17.18.86,SJC,北美洲,圣何塞,392 ms
104.16.202.128,SJC,北美洲,圣何塞,392 ms
1.0.0.219,SJC,北美洲,圣何塞,392 ms
104.19.234.68,SJC,北美洲,圣何塞,392 ms
1.0.0.23,SJC,北美洲,圣何塞,393 ms
104.18.139.87,SJC,北美洲,圣何塞,393 ms
104.18.70.144,SJC,北美洲,圣何塞,393 ms
1.1.1.102,SJC,北美洲,圣何塞,393 ms
104.17.102.248,SJC,北美洲,圣何塞,393 ms
104.19.110.209,SJC,北美洲,圣何塞,393 ms
104.17.98.161,SJC,北美洲,圣何塞,394 ms
104.16.242.192,SJC,北美洲,圣何塞,394 ms
104.16.136.93,SJC,北美洲,圣何塞,394 ms
104.18.40.186,SJC,北美洲,圣何塞,394 ms
104.17.107.195,SJC,北美洲,圣何塞,395 ms
1.0.0.194,SJC,北美洲,圣何塞,395 ms
104.17.163.46,SJC,北美洲,圣何塞,395 ms
104.18.125.125,SJC,北美洲,圣何塞,395 ms
104.18.210.205,SJC,北美洲,圣何塞,395 ms
104.19.75.187,SJC,北美洲,圣何塞,395 ms
104.19.149.36,SJC,北美洲,圣何塞,395 ms
1.1.1.249,SJC,北美洲,圣何塞,395 ms
104.16.48.66,SJC,北美洲,圣何塞,396 ms
1.0.0.75,SJC,北美洲,圣何塞,396 ms
1.1.1.93,SJC,北美洲,圣何塞,396 ms
1.1.1.207,SJC,北美洲,圣何塞,396 ms
104.16.108.84,SJC,北美洲,圣何塞,396 ms
104.19.223.171,SJC,北美洲,圣何塞,396 ms
1.0.0.238,SJC,北美洲,圣何塞,396 ms
104.18.7.66,SJC,北美洲,圣何塞,396 ms
104.17.188.188,SJC,北美洲,圣何塞,396 ms
104.16.203.184,SJC,北美洲,圣何塞,396 ms
104.19.214.161,SJC,北美洲,圣何塞,397 ms
1.0.0.120,SJC,北美洲,圣何塞,397 ms
104.18.79.21,SJC,北美洲,圣何塞,397 ms
104.17.80.127,SJC,北美洲,圣何塞,397 ms
104.19.216.128,SJC,北美洲,圣何塞,397 ms
1.0.0.187,SJC,北美洲,圣何塞,397 ms
104.18.16.225,SJC,北美洲,圣何塞,397 ms
1.0.0.133,SJC,北美洲,圣何塞,397 ms
1.1.1.190,SJC,北美洲,圣何塞,398 ms
1.1.1.154,SJC,北美洲,圣何塞,398 ms
1.0.0.246,SJC,北美洲,圣何塞,399 ms
104.16.50.198,SJC,北美洲,圣何塞,399 ms
1.0.0.132,SJC,北美洲,圣何塞,399 ms
104.17.246.163,SJC,北美洲,圣何塞,399 ms
104.16.51.134,SJC,北美洲,圣何塞,399 ms
1.1.1.250,SJC,北美洲,圣何塞,400 ms
104.18.135.88,SJC,北美洲,圣何塞,400 ms
1.1.1.136,SJC,北美洲,圣何塞,400 ms
104.19.239.38,SJC,北美洲,圣何塞,400 ms
104.16.227.15,SJC,北美洲,圣何塞,401 ms
104.19.202.5,SJC,北美洲,圣何塞,401 ms
104.16.137.12,SJC,北美洲,圣何塞,401 ms
1.0.0.153,SJC,北美洲,圣何塞,401 ms
104.16.186.78,SJC,北美洲,圣何塞,401 ms
1.1.1.197,SJC,北美洲,圣何塞,401 ms
104.16.236.4,SJC,北美洲,圣何塞,401 ms
1.1.1.103,SJC,北美洲,圣何塞,401 ms
104.16.49.102,SJC,北美洲,圣何塞,402 ms
1.1.1.42,SJC,北美洲,圣何塞,402 ms
104.19.148.89,SJC,北美洲,圣何塞,402 ms
104.16.7.242,SJC,北美洲,圣何塞,402 ms
104.17.180.241,SJC,北美洲,圣何塞,402 ms
104.18.238.10,SJC,北美洲,圣何塞,402 ms
104.16.82.223,SJC,北美洲,圣何塞,403 ms
104.16.190.77,SJC,北美洲,圣何塞,403 ms
104.19.106.135,SJC,北美洲,圣何塞,403 ms
104.18.223.57,SJC,北美洲,圣何塞,404 ms
1.1.1.233,SJC,北美洲,圣何塞,404 ms
104.19.153.38,SJC,北美洲,圣何塞,404 ms
104.16.16.26,SJC,北美洲,圣何塞,404 ms
1.0.0.71,SJC,北美洲,圣何塞,404 ms
104.19.40.204,SJC,北美洲,圣何塞,404 ms
104.16.200.217,SJC,北美洲,圣何塞,405 ms
1.1.1.247,SJC,北美洲,圣何塞,405 ms
104.17.13.211,SJC,北美洲,圣何塞,406 ms
104.17.176.135,SJC,北美洲,圣何塞,406 ms
104.19.93.254,SJC,北美洲,圣何塞,407 ms
1.1.1.94,SJC,北美洲,圣何塞,407 ms
1.1.1.189,SJC,北美洲,圣何塞,407 ms
1.1.1.63,SJC,北美洲,圣何塞,407 ms
104.19.211.186,SJC,北美洲,圣何塞,408 ms
1.1.1.159,SJC,北美洲,圣何塞,409 ms
104.17.227.238,SJC,北美洲,圣何塞,409 ms
1.1.1.9,SJC,北美洲,圣何塞,409 ms
104.19.65.216,SJC,北美洲,圣何塞,409 ms
104.16.21.5,SJC,北美洲,圣何塞,409 ms
1.0.0.245,SJC,北美洲,圣何塞,409 ms
1.0.0.58,SJC,北美洲,圣何塞,410 ms
1.0.0.223,SJC,北美洲,圣何塞,411 ms
1.1.1.30,SJC,北美洲,圣何塞,411 ms
104.19.195.198,SJC,北美洲,圣何塞,411 ms
104.18.83.124,SJC,北美洲,圣何塞,411 ms
104.19.210.218,SJC,北美洲,圣何塞,412 ms
1.1.1.63,SJC,北美洲,圣何塞,413 ms
154.206.12.195,SJC,北美洲,圣何塞,413 ms
104.17.245.72,SJC,北美洲,圣何塞,414 ms
1.1.1.218,SJC,北美洲,圣何塞,414 ms
1.1.1.229,SJC,北美洲,圣何塞,414 ms
104.17.103.122,SJC,北美洲,圣何塞,414 ms
104.18.208.10,SJC,北美洲,圣何塞,415 ms
1.0.0.50,SJC,北美洲,圣何塞,415 ms
1.0.0.252,SJC,北美洲,圣何塞,416 ms
1.0.0.15,SJC,北美洲,圣何塞,416 ms
1.1.1.80,SJC,北美洲,圣何塞,417 ms
104.18.191.144,SJC,北美洲,圣何塞,417 ms
104.19.86.98,SJC,北美洲,圣何塞,417 ms
104.16.100.4,SJC,北美洲,圣何塞,417 ms
1.0.0.54,SJC,北美洲,圣何塞,418 ms
1.0.0.210,SJC,北美洲,圣何塞,418 ms
104.19.72.46,SJC,北美洲,圣何塞,418 ms
1.0.0.83,SJC,北美洲,圣何塞,419 ms
1.1.1.211,SJC,北美洲,圣何塞,419 ms
104.18.120.21,SJC,北美洲,圣何塞,419 ms
1.1.1.248,SJC,北美洲,圣何塞,419 ms
1.1.1.41,SJC,北美洲,圣何塞,419 ms
104.18.64.251,SJC,北美洲,圣何塞,420 ms
1.0.0.54,SJC,北美洲,圣何塞,421 ms
104.18.207.128,SJC,北美洲,圣何塞,421 ms
104.17.133.59,SJC,北美洲,圣何塞,422 ms
104.17.100.150,SJC,北美洲,圣何塞,422 ms
104.18.172.188,SJC,北美洲,圣何塞,422 ms
1.1.1.85,SJC,北美洲,圣何塞,423 ms
1.1.1.249,SJC,北美洲,圣何塞,423 ms
104.16.224.77,SJC,北美洲,圣何塞,423 ms
1.1.1.90,SJC,北美洲,圣何塞,423 ms
104.18.29.58,SJC,北美洲,圣何塞,423 ms
1.1.1.102,SJC,北美洲,圣何塞,424 ms
1.0.0.211,SJC,北美洲,圣何塞,424 ms
104.19.79.142,SJC,北美洲,圣何塞,424 ms
1.1.1.107,SJC,北美洲,圣何塞,424 ms
104.18.174.185,SJC,北美洲,圣何塞,424 ms
1.0.0.40,SJC,北美洲,圣何塞,425 ms
104.17.199.74,SJC,北美洲,圣何塞,425 ms
1.0.0.21,SJC,北美洲,圣何塞,425 ms
104.19.61.66,SJC,北美洲,圣何塞,426 ms
104.16.194.94,SJC,北美洲,圣何塞,426 ms
1.0.0.45,SJC,北美洲,圣何塞,427 ms
1.0.0.161,SJC,北美洲,圣何塞,427 ms
104.16.187.224,SJC,北美洲,圣何塞,427 ms
104.19.144.203,SJC,北美洲,圣何塞,428 ms
1.1.1.252,SJC,北美洲,圣何塞,429 ms
104.16.195.142,SJC,北美洲,圣何塞,429 ms
1.0.0.151,SJC,北美洲,圣何塞,430 ms
1.1.1.42,SJC,北美洲,圣何塞,430 ms
104.16.97.4,SJC,北美洲,圣何塞,430 ms
104.16.205.250,SJC,北美洲,圣何塞,431 ms
104.18.205.206,SJC,北美洲,圣何塞,431 ms
104.19.77.1,SJC,北美洲,圣何塞,431 ms
104.19.78.31,SJC,北美洲,圣何塞,431 ms
104.19.71.88,SJC,北美洲,圣何塞,432 ms
1.0.0.71,SJC,北美洲,圣何塞,432 ms
104.16.221.187,SJC,北美洲,圣何塞,432 ms
104.17.127.105,SJC,北美洲,圣何塞,432 ms
1.0.0.237,SJC,北美洲,圣何塞,434 ms
104.18.204.251,SJC,北美洲,圣何塞,437 ms
1.0.0.90,SJC,北美洲,圣何塞,437 ms
104.19.0.209,SJC,北美洲,圣何塞,439 ms
1.0.0.104,SJC,北美洲,圣何塞,439 ms
1.0.0.140,SJC,北美洲,圣何塞,440 ms
104.16.130.251,SJC,北美洲,圣何塞,441 ms
104.16.129.221,SJC,北美洲,圣何塞,441 ms
104.19.123.10,SJC,北美洲,圣何塞,442 ms
104.17.174.107,SJC,北美洲,圣何塞,442 ms
104.16.40.50,SJC,北美洲,圣何塞,442 ms
104.17.158.136,SJC,北美洲,圣何塞,442 ms
1.0.0.255,SJC,北美洲,圣何塞,443 ms
1.1.1.85,SJC,北美洲,圣何塞,444 ms
104.17.126.153,SJC,北美洲,圣何塞,444 ms
104.17.40.198,SJC,北美洲,圣何塞,444 ms
104.16.94.125,SJC,北美洲,圣何塞,445 ms
104.17.38.23,SJC,北美洲,圣何塞,446 ms
1.0.0.109,SJC,北美洲,圣何塞,446 ms
104.17.125.78,SJC,北美洲,圣何塞,446 ms
89.116.250.42,SJC,北美洲,圣何塞,447 ms
104.17.39.21,SJC,北美洲,圣何塞,447 ms
104.17.12.247,SJC,北美洲,圣何塞,447 ms
104.16.128.47,SJC,北美洲,圣何塞,449 ms
104.18.250.61,SJC,北美洲,圣何塞,450 ms
104.18.28.76,SJC,北美洲,圣何塞,450 ms
104.19.101.121,SJC,北美洲,圣何塞,450 ms
104.16.12.0,SJC,北美洲,圣何塞,452 ms
104.19.255.116,SJC,北美洲,圣何塞,454 ms
104.19.121.161,SJC,北美洲,圣何塞,455 ms
104.18.56.51,SJC,北美洲,圣何塞,455 ms
104.16.102.76,SJC,北美洲,圣何塞,457 ms
1.0.0.127,SJC,北美洲,圣何塞,460 ms
104.16.219.18,SJC,北美洲,圣何塞,464 ms
104.19.207.73,SJC,北美洲,圣何塞,464 ms
104.19.74.228,SJC,北美洲,圣何塞,466 ms
104.16.218.249,SJC,北美洲,圣何塞,467 ms
1.1.1.93,SJC,北美洲,圣何塞,468 ms
104.19.26.98,SJC,北美洲,圣何塞,472 ms
1.1.1.122,SJC,北美洲,圣何塞,475 ms
1.1.1.222,SJC,北美洲,圣何塞,475 ms
104.19.25.187,SJC,北美洲,圣何塞,476 ms
104.16.37.184,SJC,北美洲,圣何塞,477 ms
104.17.36.50,SJC,北美洲,圣何塞,479 ms
104.16.215.146,SJC,北美洲,圣何塞,479 ms
104.19.114.101,SJC,北美洲,圣何塞,480 ms
104.19.59.187,SJC,北美洲,圣何塞,481 ms
45.131.5.214,SJC,北美洲,圣何塞,484 ms
104.17.251.94,SJC,北美洲,圣何塞,486 ms
1.1.1.196,SJC,北美洲,圣何塞,487 ms
104.16.193.140,SJC,北美洲,圣何塞,487 ms
104.19.99.214,SJC,北美洲,圣何塞,488 ms
104.19.97.217,SJC,北美洲,圣何塞,488 ms
104.19.108.65,SJC,北美洲,圣何塞,494 ms
104.19.22.252,SJC,北美洲,圣何塞,494 ms
104.19.21.249,SJC,北美洲,圣何塞,494 ms
104.19.42.69,SJC,北美洲,圣何塞,496 ms
104.17.110.41,SJC,北美洲,圣何塞,505 ms
104.17.29.250,SJC,北美洲,圣何塞,506 ms
104.17.106.224,SJC,北美洲,圣何塞,507 ms
104.16.208.245,SJC,北美洲,圣何塞,507 ms
104.19.84.244,SJC,北美洲,圣何塞,508 ms
104.19.100.125,SJC,北美洲,圣何塞,512 ms
104.19.90.79,SJC,北美洲,圣何塞,518 ms
104.19.50.67,SJC,北美洲,圣何塞,520 ms
104.19.85.209,SJC,北美洲,圣何塞,520 ms
104.19.18.141,SJC,北美洲,圣何塞,520 ms
104.19.27.113,SJC,北美洲,圣何塞,523 ms
104.19.10.117,SJC,北美洲,圣何塞,524 ms
104.19.127.100,SJC,北美洲,圣何塞,528 ms
104.19.44.96,SJC,北美洲,圣何塞,529 ms
104.17.24.159,SJC,北美洲,圣何塞,530 ms
104.19.45.177,SJC,北美洲,圣何塞,548 ms
104.19.14.166,SJC,北美洲,圣何塞,550 ms
104.19.29.252,SJC,北美洲,圣何塞,554 ms
104.18.60.215,SJC,北美洲,圣何塞,559 ms
104.19.1.139,SJC,北美洲,圣何塞,562 ms
104.19.31.117,SJC,北美洲,圣何塞,562 ms
104.19.28.232,SJC,北美洲,圣何塞,585 ms
104.19.124.159,SJC,北美洲,圣何塞,620 ms
104.19.115.204,SJC,北美洲,圣何塞,622 ms
104.18.54.86,SJC,北美洲,圣何塞,631 ms
104.18.51.78,SJC,北美洲,圣何塞,633 ms
104.19.34.110,SJC,北美洲,圣何塞,650 ms
104.19.47.180,SJC,北美洲,圣何塞,655 ms
104.19.60.2,SJC,北美洲,圣何塞,658 ms
104.19.37.243,SJC,北美洲,圣何塞,666 ms
104.19.3.85,SJC,北美洲,圣何塞,673 ms
104.19.32.74,SJC,北美洲,圣何塞,673 ms
104.19.53.44,SJC,北美洲,圣何塞,674 ms
104.19.33.64,SJC,北美洲,圣何塞,680 ms
104.19.46.28,SJC,北美洲,圣何塞,684 ms
104.19.56.78,SJC,北美洲,圣何塞,688 ms
104.19.70.105,SJC,北美洲,圣何塞,688 ms
104.19.23.118,SJC,北美洲,圣何塞,695 ms
104.19.81.187,SJC,北美洲,圣何塞,702 ms
104.19.105.181,SJC,北美洲,圣何塞,708 ms
104.19.67.40,SJC,北美洲,圣何塞,709 ms
104.19.15.255,SJC,北美洲,圣何塞,709 ms
104.19.13.162,SJC,北美洲,圣何塞,710 ms
104.19.83.74,SJC,北美洲,圣何塞,713 ms
104.19.76.84,SJC,北美洲,圣何塞,714 ms
104.19.66.6,SJC,北美洲,圣何塞,715 ms
104.19.6.67,SJC,北美洲,圣何塞,721 ms
172.67.23.172,IAD,北美洲,阿什本,723 ms
104.19.19.144,SJC,北美洲,圣何塞,724 ms
104.19.35.218,SJC,北美洲,圣何塞,755 ms
104.19.63.206,SJC,北美洲,圣何塞,757 ms
205.233.181.224,SJC,北美洲,圣何塞,759 ms
104.19.62.49,SJC,北美洲,圣何塞,761 ms
192.65.217.14,SJC,北美洲,圣何塞,771 ms
104.19.57.179,SJC,北美洲,圣何塞,774 ms
104.19.98.187,SJC,北美洲,圣何塞,781 ms
104.19.112.119,SJC,北美洲,圣何塞,783 ms
172.67.15.10,IAD,北美洲,阿什本,783 ms
104.19.24.113,SJC,北美洲,圣何塞,786 ms
104.19.2.77,SJC,北美洲,圣何塞,791 ms
104.19.107.20,SJC,北美洲,圣何塞,793 ms
213.109.205.68,SJC,北美洲,圣何塞,798 ms
172.67.16.72,IAD,北美洲,阿什本,800 ms
104.19.87.12,SJC,北美洲,圣何塞,803 ms
213.241.198.157,SJC,北美洲,圣何塞,809 ms
104.19.88.244,SJC,北美洲,圣何塞,815 ms
104.19.103.231,SJC,北美洲,圣何塞,821 ms
209.46.30.241,SJC,北美洲,圣何塞,832 ms
203.22.241.16,SJC,北美洲,圣何塞,838 ms
194.59.5.126,SJC,北美洲,圣何塞,854 ms
198.202.211.126,SJC,北美洲,圣何塞,855 ms
91.193.59.9,SJC,北美洲,圣何塞,862 ms
89.47.57.34,SJC,北美洲,圣何塞,882 ms
199.181.197.83,SJC,北美洲,圣何塞,884 ms
190.93.246.240,SJC,北美洲,圣何塞,900 ms
194.113.223.7,SJC,北美洲,圣何塞,913 ms
199.60.103.44,SJC,北美洲,圣何塞,914 ms
89.47.56.85,SJC,北美洲,圣何塞,925 ms
104.18.48.218,SJC,北美洲,圣何塞,927 ms
104.19.135.187,SJC,北美洲,圣何塞,929 ms
